drug_id,drug_name,active_ingredient,category,form,dose,price_egp,expiry_date,stock_units,manufacturer,is_available,is_popular,scientific_name,trade_name
1,Levocetirizine,Levocetirizine,Antihistamines,Film-Coated Tablet,1mg,34.74,2027-10-16,48,Bayer Egypt,1,0,Levocetirizine,Xyzal
2,Insulin Regular,Human Insulin,Antidiabetics,Injection,100IU/ml,217.31,2026-12-20,275,Mina Pharm,1,0,Human Insulin,Actrapid
3,Letrozole,Letrozole,Women Health,Tablet,500mcg,123.43,2027-07-11,186,Eva Pharma,1,0,Letrozole,Letrozole
4,Amlodipine,Amlodipine,Cardiovascular,Extended-Release Tablet,100mg,141.2,2026-06-24,8,Amriya Pharma,1,1,Amlodipine,Norvasc
5,Calcium_,Calcium Carbonate,Vitamins & Supplements,Sachet,400IU,195.5,2027-07-01,60,Al Debeiky,1,0,Calcium Carbonate,Calcium
6,Bisacodyl,Bisacodyl,Gastrointestinal,Capsule,10mg,48.92,2025-05-24,51,Global Napi,1,0,Bisacodyl,Bisacodyl
7,Spironolactone,Spironolactone,General,Film-Coated Tablet,250mg,235.12,2026-11-09,350,CID Pharma,1,0,Spironolactone,Aldactone
8,Celecoxib,Celecoxib,Painkillers,Injection,75mg,164.61,2027-05-11,224,Novartis Egypt,1,0,Celecoxib,Celebrex
9,NPH Insulin,Isophane Insulin,Antidiabetics,Injection,25mg,203.14,2025-10-11,190,Novartis Egypt,1,0,Isophane Insulin,Insulatard
10,Tramadol 50mg,Tramadol HCl,Painkillers,Patch,200mg,163.53,2025-04-07,230,Sigma Pharma,1,0,Tramadol HCl,Tramadol 50mg
11,Ebastine,Ebastine,Antihistamines,Nasal Spray,1mg,125.11,2025-04-15,312,Amriya Pharma,1,0,Ebastine,Kestine
12,Ketoconazole Shampoo,Ketoconazole,Dermatology,Shampoo,5%,287.82,2026-05-28,317,Amriya Pharma,1,0,Ketoconazole,Nizoral
13,Emergency Contraception,Levonorgestrel 1.5mg,Women Health,Tablet,150mcg/30mcg,109.79,2027-09-10,125,October Pharma,1,0,Levonorgestrel 1.5mg,Emergency Contraception
14,Diclofenac 50mg,Diclofenac Sodium,Painkillers,Suppository,400mg,232.1,2026-11-22,436,Amriya Pharma,1,0,Diclofenac Sodium,Voltaren
15,Ursodeoxycholic Acid,UDCA,Gastrointestinal,Syrup,40mg,38.38,2025-09-04,374,Al Debeiky,1,0,UDCA,Ursodeoxycholic Acid
16,Lactulose,Lactulose,Gastrointestinal,Syrup,1g,31.44,2026-09-27,219,Hikma Egypt,1,0,Lactulose,Duphalac
17,Finasteride,Finasteride,General,Tablet,50mg,205.28,2025-11-29,483,Al Debeiky,1,0,Finasteride,Proscar
18,Nasal Saline Drops,Sodium Chloride 0.9%,Drops,Nasal Spray,10ml,289.37,2026-07-24,285,Mina Pharm,1,0,Sodium Chloride 0.9%,Nasal Saline Drops
19,Gentamicin Eye Drops,Gentamicin,Drops,Eye Drops,0.10%,287.51,2026-06-21,456,Amriya Pharma,1,0,Gentamicin,Garamycin
20,Multivitamin,Multivitamin,Vitamins & Supplements,Tablet,50000IU,197.67,2025-04-30,417,Hikma Egypt,1,0,Multivitamin,Multivitamin
21,Tizanidine,Tizanidine,Painkillers,Capsule,500mg,243.56,2026-01-03,223,Novartis Egypt,1,0,Tizanidine,Tizanidine
22,Diphenhydramine,Diphenhydramine,Antihistamines,Nasal Spray,180mg,96.3,2025-10-23,45,Novartis Egypt,1,0,Diphenhydramine,Benadryl
23,Vitamin K,Phytonadione,Vitamins & Supplements,Tablet,50000IU,164.88,2025-11-30,230,Sigma Pharma,1,0,Phytonadione,Vitamin K
24,Spironolactone_,Spironolactone,General,Capsule,50mg,249.6,2027-01-23,93,AstraZeneca Egypt,1,0,Spironolactone,Aldactone
25,Azelastine Nasal,Azelastine,Antihistamines,Nasal Spray,120mg,129.45,2026-04-07,222,CID Pharma,1,0,Azelastine,Azelastine Nasal
26,Calcium,Calcium Carbonate,Vitamins & Supplements,Softgel,400IU,71.58,2025-11-28,31,Eva Pharma,1,0,Calcium Carbonate,Calcium
27,Naproxen,Naproxen,Painkillers,Extended-Release Tablet,10mg,186.97,2026-09-14,279,Novartis Egypt,1,0,Naproxen,Apranax
28,Metformin,Metformin,Antidiabetics,Injection,10mcg,252.76,2025-11-07,282,Sigma Pharma,1,1,Metformin,Glucophage
29,Vicks VapoRub,Camphor/Menthol,Cough & Cold,Tablet,15mg/5ml,122.14,2026-03-16,16,October Pharma,1,0,Camphor/Menthol,Vicks VapoRub
30,Levofloxacin,Levofloxacin,Antibiotics,Suspension,125mg/5ml,79.6,2025-06-19,50,Pfizer Egypt,1,0,Levofloxacin,Tavanic
31,Metronidazole,Metronidazole,Antibiotics,Powder for Injection,125mg/5ml,41.03,2025-03-31,298,Sanofi Egypt,1,0,Metronidazole,Metronidazole
32,Amoxicillin,Amoxicillin,Antibiotics,Capsule,500mg,316.7,2026-08-03,206,Sanofi Egypt,1,1,Amoxicillin,Amoxicillin
33,Paracetamol,Paracetamol,General,Film-Coated Tablet,10mg,203.38,2025-03-13,63,Pfizer Egypt,1,1,Paracetamol,Panadol
34,Amoxicillin_,Amoxicillin,Antibiotics,Suspension,500mg,225.96,2026-05-11,379,Tabuk Egypt,1,1,Amoxicillin,Amoxicillin
35,Dydrogesterone,Dydrogesterone,Women Health,Injection,1.5mg,78.41,2026-12-28,167,Eva Pharma,1,0,Dydrogesterone,Duphaston
36,Levocetirizine_,Levocetirizine,Antihistamines,Capsule,5mg/5ml,91.01,2026-02-14,490,Global Napi,1,0,Levocetirizine,Xyzal
37,Valsartan,Valsartan,Cardiovascular,Tablet,100mg,431.88,2025-05-28,482,Hikma Egypt,1,0,Valsartan,Valsartan
38,Metronidazole Gel,Metronidazole,Women Health,Injection,1.5mg,146.89,2027-06-27,77,EIPICO,1,0,Metronidazole,Metronidazole Gel
39,ORS Sachets,Oral Rehydration Salts,Kids Medications,Chewable Tablet,200mg/5ml,105.57,2027-03-20,160,Tabuk Egypt,1,0,Oral Rehydration Salts,ORS Sachets
40,Cephalexin,Cefalexin,Antibiotics,Capsule,400mg,195.95,2027-02-02,228,Memphis Pharma,1,0,Cefalexin,Keflex
41,Diphenhydramine_,Diphenhydramine,Antihistamines,Capsule,10mg,43.64,2026-05-05,426,Amriya Pharma,1,0,Diphenhydramine,Benadryl
42,Promethazine,Promethazine,Antihistamines,Nasal Spray,25mg,187.09,2025-09-01,499,Novartis Egypt,1,0,Promethazine,Promethazine
43,Prednisolone,Prednisolone,General,Film-Coated Tablet,10mg,218.87,2026-08-11,243,GSK Egypt,1,0,Prednisolone,Prednisolone
44,Vitamin C,Ascorbic Acid,Vitamins & Supplements,Tablet,1000mcg,146.18,2025-10-07,219,AstraZeneca Egypt,1,1,Ascorbic Acid,Vitamin C
45,Probiotics,Lactobacillus,Vitamins & Supplements,Sachet,10mg,198.33,2026-09-09,460,CID Pharma,1,0,Lactobacillus,Probiotics
46,Tizanidine_,Tizanidine,Painkillers,Capsule,75mg,132.38,2025-09-25,9,Tabuk Egypt,1,0,Tizanidine,Tizanidine
47,Nifedipine,Nifedipine,Cardiovascular,Capsule,25mg,342.42,2026-09-18,247,Eva Pharma,1,0,Nifedipine,Nifedipine
48,Dexamethasone Eye Drops,Dexamethasone,Drops,Eye Drops,10ml,102.27,2026-08-06,29,CID Pharma,1,0,Dexamethasone,Dexamethasone Eye Drops
49,Insulin Lispro,Insulin Lispro,Antidiabetics,Injection,10mg,245.18,2026-10-14,57,Pharco,1,0,Insulin Lispro,Humalog
50,Hydroxyzine,Hydroxyzine,Antihistamines,Nasal Spray,1mg,146.18,2027-10-07,214,Mina Pharm,1,0,Hydroxyzine,Hydroxyzine
51,Ranitidine,Ranitidine,Gastrointestinal,Tablet,15mlsachet,157.38,2025-08-01,160,Pharco,1,0,Ranitidine,Ranitidine
52,Carbimazole,Carbimazole,General,Film-Coated Tablet,200mg,74.46,2026-09-26,396,EIPICO,1,0,Carbimazole,Carbimazole
53,Salbutamol Nebules,Salbutamol,Kids Medications,Syrup,250mg/5ml,194.98,2025-06-05,1,Tabuk Egypt,1,0,Salbutamol,Salbutamol Nebules
54,Sucralfate,Sucralfate,Gastrointestinal,Sachet,10mg,41.68,2027-08-23,372,Tabuk Egypt,1,0,Sucralfate,Sucralfate
55,Vildagliptin,Vildagliptin,Antidiabetics,Film-Coated Tablet,500mg,206.54,2025-04-06,372,Tabuk Egypt,1,0,Vildagliptin,Vildagliptin
56,Metoclopramide,Metoclopramide,Gastrointestinal,Suppository,20mg,54.59,2026-12-12,290,AstraZeneca Egypt,1,0,Metoclopramide,Metoclopramide
57,Empagliflozin,Empagliflozin,Antidiabetics,Injection,5mg,530.07,2027-04-17,124,Amriya Pharma,1,0,Empagliflozin,Empagliflozin
58,Vildagliptin_,Vildagliptin,Antidiabetics,Injection,850mg,126.21,2027-05-21,67,Global Napi,1,0,Vildagliptin,Vildagliptin
59,Salbutamol Nebules_,Salbutamol,Kids Medications,Chewable Tablet,200mg/5ml,111.86,2027-03-09,317,Pharco,1,0,Salbutamol,Salbutamol Nebules
60,Prenatal Vitamins,Multivitamin Prenatal,Women Health,Tablet,2mg,142.19,2027-03-21,380,Tabuk Egypt,1,0,Multivitamin Prenatal,Prenatal Vitamins
61,Meloxicam,Meloxicam,Painkillers,Injection,50mg,280.4,2025-02-27,299,Eva Pharma,1,0,Meloxicam,Meloxicam
62,Chlorpheniramine,Chlorpheniramine,Antihistamines,Tablet,5mg/5ml,54.97,2027-05-14,460,Global Napi,1,0,Chlorpheniramine,Chlorpheniramine
63,Pseudoephedrine,Pseudoephedrine,Cough & Cold,Lozenges,30mg,87.58,2025-07-31,438,Al Debeiky,1,0,Pseudoephedrine,Pseudoephedrine
64,Doxycycline,Doxycycline,Antibiotics,Tablet,50mg/ml,63.5,2026-09-18,149,EIPICO,1,0,Doxycycline,Doxycycline
65,ORS Sachets,Oral Rehydration Salts,Kids Medications,Suspension,5mg/5ml,72.15,2027-08-24,308,GSK Egypt,1,0,Oral Rehydration Salts,ORS Sachets
66,Fluconazole Vaginal,Fluconazole,Women Health,Vaginal Tablet,2mg,219.04,2025-03-14,161,Sanofi Egypt,1,0,Fluconazole,Fluconazole Vaginal
67,Fexofenadine,Fexofenadine,Antihistamines,Capsule,5mg,90.47,2027-06-02,275,Pfizer Egypt,1,0,Fexofenadine,Fexofenadine
68,Dexamethasone Eye Drops_,Dexamethasone,Drops,Eye Drops,10ml,189.71,2026-07-29,252,Medical Union,1,0,Dexamethasone,Dexamethasone Eye Drops
69,Aspirin,Aspirin,General,Tablet,5mg,87.98,2026-12-20,103,Eva Pharma,1,0,Aspirin,Aspirin
70,Hydrocortisone,Hydrocortisone,General,Capsule,200mg,106.47,2027-01-14,58,Al Debeiky,1,0,Hydrocortisone,Hydrocortisone
71,Repaglinide,Repaglinide,Antidiabetics,Tablet,25mg,366.39,2027-03-01,396,Al Debeiky,1,0,Repaglinide,Repaglinide
72,Insulin Regular,Human Insulin,Antidiabetics,Injection,25mg,327.59,2027-05-06,396,GSK Egypt,1,0,Human Insulin,Actrapid
73,Loperamide,Loperamide,Gastrointestinal,Sachet,1g,185.77,2027-06-03,343,Global Napi,1,0,Loperamide,Loperamide
74,Ketoconazole Shampoo,Ketoconazole,Dermatology,Shampoo,0.50%,126.8,2027-06-02,210,Amriya Pharma,1,0,Ketoconazole,Nizoral
75,Insulin Glargine,Insulin Glargine,Antidiabetics,Injection,10mg,261.24,2025-05-05,223,Al Debeiky,1,1,Insulin Glargine,Lantus
76,Emergency Contraception,Levonorgestrel 1.5mg,Women Health,Patch,350mcg,264,2027-07-02,241,CID Pharma,1,0,Levonorgestrel 1.5mg,Emergency Contraception
77,Cephalexin,Cefalexin,Antibiotics,Suspension,125mg/5ml,190.04,2027-04-23,407,GSK Egypt,1,0,Cefalexin,Keflex
78,Loratadine Syrup,Loratadine,Kids Medications,Syrup,250mg/5ml,31.07,2027-03-07,147,Amriya Pharma,1,1,Loratadine,Loratadine Syrup
79,Miconazole Cream,Miconazole,Dermatology,Cream,2.50%,105.74,2026-12-08,376,Pfizer Egypt,1,0,Miconazole,Miconazole Cream
80,Loratadine Syrup,Loratadine,Kids Medications,Syrup,200mg/5ml,66.25,2027-10-05,347,Hikma Egypt,1,1,Loratadine,Loratadine Syrup
81,NPH Insulin,Isophane Insulin,Antidiabetics,Injection,1.34mg/ml,134.78,2027-10-05,380,Hikma Egypt,1,0,Isophane Insulin,Insulatard
82,Allopurinol,Allopurinol,General,Capsule,50mg,39.85,2027-01-05,437,Sanofi Egypt,1,0,Allopurinol,Zyloric
83,Ursodeoxycholic Acid,UDCA,Gastrointestinal,Tablet,10mg,87.29,2025-02-24,322,GSK Egypt,1,0,UDCA,Ursodeoxycholic Acid
84,Folic Acid,Folic Acid,Vitamins & Supplements,Effervescent Tablet,50000IU,168.67,2027-07-06,334,Global Napi,1,0,Folic Acid,Folicap
85,Ivabradine,Ivabradine,Cardiovascular,Capsule,20mg,189.66,2026-04-04,494,Eva Pharma,1,0,Ivabradine,Ivabradine
86,Canagliflozin,Canagliflozin,Antidiabetics,Pen Injector,100IU/ml,89.6,2027-09-11,175,Eva Pharma,1,0,Canagliflozin,Canagliflozin
87,Cyclopentolate,Cyclopentolate,Drops,Nasal Drops,0.20%,126.17,2026-05-17,48,Al Debeiky,1,0,Cyclopentolate,Cyclopentolate
88,Progesterone Vaginal,Micronized Progesterone,Women Health,Injection,500mcg,192.79,2026-02-15,120,Eva Pharma,1,0,Micronized Progesterone,Progesterone Vaginal
89,Insulin Detemir,Insulin Detemir,Antidiabetics,Injection,1.34mg/ml,303.04,2025-03-06,82,EIPICO,1,0,Insulin Detemir,Levemir
90,Rosuvastatin,Rosuvastatin,Cardiovascular,Capsule,10mg,423.24,2026-09-06,330,Sigma Pharma,1,0,Rosuvastatin,Crestor
91,Estradiol Patch,Estradiol,Women Health,Patch,1.5mg,351.11,2027-08-23,186,Mina Pharm,1,0,Estradiol,Estradiol Patch
92,Metoprolol,Metoprolol,Cardiovascular,Injection,100mg,171.44,2026-10-08,272,CID Pharma,1,0,Metoprolol,Metoprolol
93,Losartan,Losartan,Cardiovascular,Extended-Release Tablet,5mg,443.74,2026-11-02,403,Amriya Pharma,1,0,Losartan,Cozaar
94,Pioglitazone,Pioglitazone,Antidiabetics,Pen Injector,100IU/ml,239.64,2025-11-02,309,Al Debeiky,1,0,Pioglitazone,Actos
95,Atorvastatin,Atorvastatin,Cardiovascular,Injection,20mg,412.67,2027-08-22,165,AstraZeneca Egypt,1,1,Atorvastatin,Atorvastatin
96,Ibuprofen Syrup,Ibuprofen,Kids Medications,Syrup,100mg/5ml,78.15,2026-03-05,264,Medical Union,1,1,Ibuprofen,Brufen
97,Xylometazoline Drops,Xylometazoline,Drops,Drops,0.50%,112.22,2026-01-16,42,Al Debeiky,1,0,Xylometazoline,Xylometazoline Drops
98,Magnesium Sulfate,Magnesium Sulfate,Women Health,Tablet,1.5mg,192.31,2026-10-24,121,October Pharma,1,0,Magnesium Sulfate,Magnesium Sulfate
99,Loperamide,Loperamide,Gastrointestinal,Suspension,20mg,152.69,2025-06-11,374,GSK Egypt,1,0,Loperamide,Loperamide
100,Metoprolol,Metoprolol,Cardiovascular,Sublingual Tablet,1mg,288.58,2027-07-05,269,Hikma Egypt,1,0,Metoprolol,Metoprolol
101,Bisoprolol,Bisoprolol,Cardiovascular,Injection,25mg,80.92,2025-11-03,396,Tabuk Egypt,1,0,Bisoprolol,Bisoprolol
102,Glimepiride,Glimepiride,Antidiabetics,Tablet,850mg,406.66,2025-09-21,476,CID Pharma,1,0,Glimepiride,Glimepiride
103,Celecoxib,Celecoxib,Painkillers,Tablet,500mg,205.48,2026-09-15,285,EIPICO,1,0,Celecoxib,Celebrex
104,Carbocisteine,Carbocisteine,Cough & Cold,Inhaler,15mg/5ml,170.23,2026-01-29,79,Mina Pharm,1,0,Carbocisteine,Carbocisteine
105,Fexofenadine,Fexofenadine,Antihistamines,Tablet,10mg,81.8,2025-02-23,135,Pharco,1,0,Fexofenadine,Fexofenadine
106,Prednisolone,Prednisolone,General,Tablet,5mg,162.1,2027-03-28,239,October Pharma,1,0,Prednisolone,Prednisolone
107,Nitroglycerin,Glyceryl Trinitrate,Cardiovascular,Extended-Release Tablet,10mg,206.55,2025-11-28,472,Al Debeiky,1,0,Glyceryl Trinitrate,Nitroglycerin
108,Clindamycin,Clindamycin,Antibiotics,Suspension,400mg,313.07,2025-12-04,173,Al Debeiky,1,0,Clindamycin,Clindamycin
109,Montelukast Granules,Montelukast,Kids Medications,Drops,100mg/5ml,171.73,2026-10-12,3,Tabuk Egypt,1,0,Montelukast,Montelukast Granules
110,Paracetamol Syrup,Paracetamol,Kids Medications,Syrup,5mg/5ml,38.19,2026-08-21,4,Medical Union,1,1,Paracetamol,Panadol
111,Dextromethorphan,Dextromethorphan,Cough & Cold,Nasal Spray,6mg,18.4,2026-08-31,233,Memphis Pharma,1,0,Dextromethorphan,Dextromethorphan
112,Vitamin E,Tocopherol,Vitamins & Supplements,Effervescent Tablet,500mg,144.77,2025-12-03,175,Sigma Pharma,1,0,Tocopherol,Vitamin E
113,Loratadine,Loratadine,Antihistamines,Nasal Spray,1mg,155.25,2026-05-09,238,Pharco,1,1,Loratadine,Loratadine
114,Cyclopentolate,Cyclopentolate,Drops,Nasal Drops,0.10%,103.77,2026-07-29,108,AstraZeneca Egypt,1,0,Cyclopentolate,Cyclopentolate
115,Biotin,Biotin,Vitamins & Supplements,Sachet,1000IU,33.7,2027-07-22,328,Sanofi Egypt,1,0,Biotin,Biotin
116,Biotin,Biotin,Vitamins & Supplements,Capsule,10mg,253.26,2025-09-12,159,Sigma Pharma,1,0,Biotin,Biotin
117,Fluticasone Nasal,Fluticasone,Cough & Cold,Nasal Spray,30mg,48.95,2027-04-16,159,Bayer Egypt,1,0,Fluticasone,Fluticasone Nasal
118,Olopatadine,Olopatadine,Antihistamines,Syrup,25mg,211.12,2026-10-22,300,Tabuk Egypt,1,0,Olopatadine,Olopatadine
119,Clopidogrel,Clopidogrel,Cardiovascular,Extended-Release Tablet,2.5mg,67.52,2027-10-10,30,Sanofi Egypt,1,1,Clopidogrel,Clopidogrel
120,Morphine,Morphine Sulfate,Painkillers,Capsule,200mg,236.57,2026-11-09,352,Al Debeiky,1,0,Morphine Sulfate,Morphine
121,Amiodarone,Amiodarone,Cardiovascular,Sublingual Tablet,5mg,491.48,2025-12-29,79,Pharco,1,0,Amiodarone,Amiodarone
122,Azelastine Nasal,Azelastine,Antihistamines,Nasal Spray,5mg/5ml,113.24,2027-03-12,435,Pfizer Egypt,1,0,Azelastine,Azelastine Nasal
123,Prednisolone,Prednisolone,General,Film-Coated Tablet,10mg,135.38,2027-08-11,378,Amriya Pharma,1,0,Prednisolone,Prednisolone
124,Isotretinoin,Isotretinoin,Dermatology,Cream,10%,30.54,2027-09-19,145,Medical Union,1,0,Isotretinoin,Isotretinoin
125,Desloratadine,Desloratadine,Antihistamines,Syrup,180mg,240.13,2027-01-14,150,CID Pharma,1,0,Desloratadine,Desloratadine
126,Dapagliflozin,Dapagliflozin,Antidiabetics,Extended-Release Tablet,10mg,208.97,2026-07-18,331,Mina Pharm,1,1,Dapagliflozin,Dapagliflozin
127,Artificial Tears,Hypromellose,Drops,Eye Drops,0.10%,62.77,2026-12-21,128,Global Napi,1,0,Hypromellose,Artificial Tears
128,Promethazine,Promethazine,Antihistamines,Tablet,1mg,212.18,2026-04-17,432,Pfizer Egypt,1,0,Promethazine,Promethazine
129,Liraglutide,Liraglutide,Antidiabetics,Tablet,10mg,69.09,2026-08-18,348,AstraZeneca Egypt,1,0,Liraglutide,Victoza
130,Celecoxib,Celecoxib,Painkillers,Suppository,400mg,193.77,2027-05-12,387,Global Napi,1,0,Celecoxib,Celebrex
131,Nitroglycerin,Glyceryl Trinitrate,Cardiovascular,Capsule,5mg,175.47,2025-10-22,13,Hikma Egypt,1,0,Glyceryl Trinitrate,Nitroglycerin
132,Benzoyl Peroxide,Benzoyl Peroxide,Dermatology,Solution,0.05%,176.83,2027-06-10,51,AstraZeneca Egypt,1,0,Benzoyl Peroxide,Benzoyl Peroxide
133,Cetirizine,Cetirizine,Antihistamines,Syrup,120mg,180.91,2025-03-17,429,Sigma Pharma,1,1,Cetirizine,Cetirizine
134,Amiodarone,Amiodarone,Cardiovascular,Extended-Release Tablet,100mg,141.72,2026-10-02,185,Pfizer Egypt,1,0,Amiodarone,Amiodarone
135,Omega-3,Fish Oil,Vitamins & Supplements,Sachet,400IU,94.19,2027-06-17,147,Global Napi,1,0,Fish Oil,Omega-3
136,Raloxifene,Raloxifene,Women Health,Patch,2mg,189.59,2027-02-18,275,Eva Pharma,1,0,Raloxifene,Raloxifene
137,Carbimazole,Carbimazole,General,Injection,10mg,174.39,2026-10-11,81,October Pharma,1,0,Carbimazole,Carbimazole
138,Carbimazole,Carbimazole,General,Injection,5mg,86.41,2027-06-19,39,Eva Pharma,1,0,Carbimazole,Carbimazole
139,Alendronate,Alendronate,Women Health,Vaginal Tablet,500mcg,303.72,2026-12-02,332,Mina Pharm,1,0,Alendronate,Alendronate
140,Levocetirizine,Levocetirizine,Antihistamines,Film-Coated Tablet,5mg/5ml,140.47,2026-02-12,66,Bayer Egypt,1,0,Levocetirizine,Xyzal
141,Clotrimazole Ear Drops,Clotrimazole,Drops,Drops,0.10%,105.74,2025-06-03,28,Eva Pharma,1,0,Clotrimazole,Clotrimazole Ear Drops
142,Paracetamol 500mg,Paracetamol,Painkillers,Suppository,10mg,58.63,2026-11-09,58,Pfizer Egypt,1,1,Paracetamol,Panadol
143,Nitrofurantoin,Nitrofurantoin,Antibiotics,Injection,875/125mg,279.36,2025-07-28,370,Bayer Egypt,1,0,Nitrofurantoin,Nitrofurantoin
144,Salbutamol Nebules,Salbutamol,Kids Medications,Chewable Tablet,250mg/5ml,165.36,2026-01-12,493,Global Napi,1,0,Salbutamol,Salbutamol Nebules
145,Indomethacin,Indomethacin,Painkillers,Tablet,500mg,217.56,2027-01-27,383,Pfizer Egypt,1,0,Indomethacin,Indomethacin
146,Ibuprofen 400mg,Ibuprofen,Painkillers,Extended-Release Tablet,75mg,88.82,2026-03-23,361,Mina Pharm,1,1,Ibuprofen,Brufen
147,Prenatal Vitamins,Multivitamin Prenatal,Women Health,Vaginal Tablet,100mg,233.48,2026-02-26,238,EIPICO,1,0,Multivitamin Prenatal,Prenatal Vitamins
148,Ibuprofen,Ibuprofen,General,Tablet,20mg,62.6,2026-07-22,370,Bayer Egypt,1,1,Ibuprofen,Brufen
149,Losartan,Losartan,Cardiovascular,Extended-Release Tablet,25mg,231.62,2025-03-14,104,Amriya Pharma,1,0,Losartan,Cozaar
150,Chlorpheniramine,Chlorpheniramine,Antihistamines,Film-Coated Tablet,180mg,245.58,2027-01-05,196,Amriya Pharma,1,0,Chlorpheniramine,Chlorpheniramine
151,Desloratadine,Desloratadine,Antihistamines,Tablet,5mg,35.37,2026-10-08,366,Medical Union,1,0,Desloratadine,Desloratadine
152,Promethazine,Promethazine,Antihistamines,Tablet,180mg,162.51,2026-09-24,365,Al Debeiky,1,0,Promethazine,Promethazine
153,Saline Nasal Spray,Sodium Chloride,Cough & Cold,Nasal Spray,60mg,41.78,2025-12-30,343,Pharco,1,0,Sodium Chloride,Saline Nasal Spray
154,Dexamethasone Eye Drops,Dexamethasone,Drops,Eye Drops,0.01%,45.67,2027-04-07,224,Medical Union,1,0,Dexamethasone,Dexamethasone Eye Drops
155,Meloxicam,Meloxicam,Painkillers,Injection,50mg,29.1,2027-08-21,258,Novartis Egypt,1,0,Meloxicam,Meloxicam
156,Biotin,Biotin,Vitamins & Supplements,Capsule,1000mcg,86.01,2026-10-17,303,AstraZeneca Egypt,1,0,Biotin,Biotin
157,Magnesium,Magnesium Oxide,Vitamins & Supplements,Softgel,1000mcg,122.77,2025-02-10,312,Novartis Egypt,1,0,Magnesium Oxide,Magnesium
158,Gripe Water,Dill Oil/Sodium Bicarbonate,Kids Medications,Drops,5mg/5ml,52.44,2027-02-22,348,Pfizer Egypt,1,0,Dill Oil/Sodium Bicarbonate,Gripe Water
159,NPH Insulin,Isophane Insulin,Antidiabetics,Injection,1000mg,362.95,2025-02-19,394,Amriya Pharma,1,0,Isophane Insulin,Insulatard
160,Dextromethorphan,Dextromethorphan,Cough & Cold,Tablet,30mg,117.48,2025-05-10,401,CID Pharma,1,0,Dextromethorphan,Dextromethorphan
161,Semaglutide,Semaglutide,Antidiabetics,Injection,500mg,576.97,2026-06-07,328,AstraZeneca Egypt,1,1,Semaglutide,Ozempic
162,Ketotifen,Ketotifen,Antihistamines,Capsule,5mg/5ml,65.08,2026-04-06,54,October Pharma,1,0,Ketotifen,Ketotifen
163,Vitamin D3,Cholecalciferol,Vitamins & Supplements,Softgel,500mg,165.71,2026-05-28,471,CID Pharma,1,1,Cholecalciferol,Vitamin D3
164,Losartan,Losartan,Cardiovascular,Extended-Release Tablet,40mg,367.09,2025-08-26,186,Sanofi Egypt,1,0,Losartan,Cozaar
165,Simvastatin,Simvastatin,Cardiovascular,Capsule,20mg,240.12,2026-10-15,151,Hikma Egypt,1,0,Simvastatin,Simvastatin
166,ORS,Oral Rehydration Salts,Gastrointestinal,Syrup,1g,65.58,2026-01-16,96,Eva Pharma,1,0,Oral Rehydration Salts,ORS
167,Minoxidil Solution,Minoxidil,Dermatology,Solution,0.03%,201.71,2027-08-11,329,Pharco,1,0,Minoxidil,Minoxidil Solution
168,Ezetimibe,Ezetimibe,Cardiovascular,Tablet,5mg,170.84,2027-02-10,468,Hikma Egypt,1,0,Ezetimibe,Ezetimibe
169,Salicylic Acid,Salicylic Acid,Dermatology,Shampoo,2.50%,302.69,2026-04-05,159,Pharco,1,0,Salicylic Acid,Salicylic Acid
170,Amoxicillin Suspension,Amoxicillin,Kids Medications,Syrup,200mg/5ml,134.66,2026-06-19,82,Mina Pharm,1,1,Amoxicillin,Amoxicillin Suspension
171,Combined OCP,Ethinylestradiol/Levonorgestrel,Women Health,Patch,150mcg/30mcg,382.8,2025-08-08,372,October Pharma,1,0,Ethinylestradiol/Levonorgestrel,Combined OCP
172,Carbimazole,Carbimazole,General,Tablet,10mg,158.68,2027-08-16,106,Eva Pharma,1,0,Carbimazole,Carbimazole
173,Chlorpheniramine,Chlorpheniramine,Antihistamines,Nasal Spray,10mg,74.17,2026-07-15,400,Pfizer Egypt,1,0,Chlorpheniramine,Chlorpheniramine
174,Furosemide,Furosemide,General,Tablet,100mg,99.56,2025-08-31,214,Global Napi,1,0,Furosemide,Furosemide
175,Prenatal Vitamins,Multivitamin Prenatal,Women Health,Capsule,350mcg,210.93,2026-04-30,366,Novartis Egypt,1,0,Multivitamin Prenatal,Prenatal Vitamins
176,Trimethoprim/Sulfamethoxazole,Co-trimoxazole,Antibiotics,Capsule,250mg,289.04,2026-08-12,315,Pfizer Egypt,1,0,Co-trimoxazole,Trimethoprim/Sulfamethoxazole
177,Gentamicin,Gentamicin,Antibiotics,Tablet,500mg,265.21,2025-04-18,172,October Pharma,1,0,Gentamicin,Garamycin
178,Clindamycin Gel,Clindamycin,Dermatology,Shampoo,0.03%,56.77,2026-07-03,475,Sanofi Egypt,1,0,Clindamycin,Clindamycin Gel
179,Ibuprofen,Ibuprofen,General,Capsule,5mg,192.55,2025-07-12,261,Bayer Egypt,1,1,Ibuprofen,Brufen
180,Combined OCP,Ethinylestradiol/Levonorgestrel,Women Health,Injection,350mcg,100.77,2027-04-05,425,Amriya Pharma,1,0,Ethinylestradiol/Levonorgestrel,Combined OCP
181,Metformin,Metformin,Antidiabetics,Extended-Release Tablet,1.34mg/ml,593.37,2026-01-24,317,Sanofi Egypt,1,1,Metformin,Glucophage
182,Tretinoin,Tretinoin,Dermatology,Shampoo,0.03%,215.11,2025-12-19,176,Al Debeiky,1,0,Tretinoin,Tretinoin
183,Levothyroxine,Levothyroxine,General,Injection,10mg,222.17,2026-03-26,476,October Pharma,1,0,Levothyroxine,Eltroxin
184,Enalapril,Enalapril,Cardiovascular,Tablet,25mg,401.65,2026-11-26,9,AstraZeneca Egypt,1,0,Enalapril,Enalapril
185,Olopatadine,Olopatadine,Antihistamines,Tablet,180mg,132.35,2025-10-17,67,Medical Union,1,0,Olopatadine,Olopatadine
186,Amlodipine,Amlodipine,Cardiovascular,Injection,0.25mg,343.31,2026-10-31,282,Bayer Egypt,1,1,Amlodipine,Norvasc
187,Fexofenadine,Fexofenadine,Antihistamines,Syrup,25mg,59.16,2026-12-20,188,Eva Pharma,1,0,Fexofenadine,Fexofenadine
188,Sucralfate,Sucralfate,Gastrointestinal,Capsule,500mg,55.78,2025-03-18,478,AstraZeneca Egypt,1,0,Sucralfate,Sucralfate
189,Terbinafine Cream,Terbinafine,Dermatology,Cream,2.50%,290.6,2027-10-11,209,Memphis Pharma,1,0,Terbinafine,Terbinafine Cream
190,Gentamicin Eye Drops,Gentamicin,Drops,Eye Drops,0.20%,211.02,2027-09-05,178,Pharco,1,0,Gentamicin,Garamycin
191,Carbimazole,Carbimazole,General,Film-Coated Tablet,1g,127.36,2025-04-08,458,Hikma Egypt,1,0,Carbimazole,Carbimazole
192,Levothyroxine,Levothyroxine,General,Film-Coated Tablet,250mg,211.84,2026-01-19,222,Pharco,1,0,Levothyroxine,Eltroxin
193,Folic Acid,Folic Acid,Vitamins & Supplements,Tablet,100mg,268.44,2025-05-03,57,Sanofi Egypt,1,0,Folic Acid,Folicap
194,Celecoxib,Celecoxib,Painkillers,Injection,75mg,189.35,2026-10-20,223,October Pharma,1,0,Celecoxib,Celebrex
195,Zinc Syrup,Zinc Sulfate,Kids Medications,Syrup,120mg/5ml,135.14,2027-06-28,154,Bayer Egypt,1,0,Zinc Sulfate,Zinc Syrup
196,Chlorpheniramine,Chlorpheniramine,Antihistamines,Tablet,25mg,168.73,2025-05-13,36,CID Pharma,1,0,Chlorpheniramine,Chlorpheniramine
197,Cold & Flu Combo,Paracetamol/Pseudoephedrine,Cough & Cold,Sachet,15mg/5ml,119.29,2027-04-01,324,GSK Egypt,1,0,Paracetamol/Pseudoephedrine,Cold & Flu Combo
198,Ibuprofen 400mg,Ibuprofen,Painkillers,Extended-Release Tablet,100mg,163.38,2027-01-07,31,Sanofi Egypt,1,1,Ibuprofen,Brufen
199,Folic Acid 5mg,Folic Acid,Women Health,Injection,350mcg,252.36,2025-02-05,405,Tabuk Egypt,1,0,Folic Acid,Folicap
200,Valsartan,Valsartan,Cardiovascular,Injection,1mg,181.56,2025-10-06,488,October Pharma,1,0,Valsartan,Valsartan
201,Calamine Lotion,Calamine,Dermatology,Lotion,5%,69.76,2025-02-20,408,Medical Union,1,0,Calamine,Calamine Lotion
202,Ursodeoxycholic Acid,UDCA,Gastrointestinal,Suppository,15mlsachet,156.26,2025-04-26,279,GSK Egypt,1,0,UDCA,Ursodeoxycholic Acid
203,Coenzyme Q10,Ubiquinone,Vitamins & Supplements,Softgel,10mg,250.64,2027-04-03,276,Al Debeiky,1,0,Ubiquinone,Coenzyme Q10
204,Finasteride,Finasteride,General,Tablet,5mg,230.51,2027-06-20,85,Mina Pharm,1,0,Finasteride,Proscar
205,Oxymetazoline,Oxymetazoline,Cough & Cold,Nasal Spray,30mg,21.69,2025-04-19,444,CID Pharma,1,0,Oxymetazoline,Oxymetazoline
206,Azithromycin,Azithromycin,Antibiotics,Injection,125mg/5ml,215.27,2027-09-05,71,Mina Pharm,1,1,Azithromycin,Azithromycin
207,Mesalazine,Mesalazine,Gastrointestinal,Suspension,500mg,190.17,2026-05-28,172,Global Napi,1,0,Mesalazine,Mesalazine
208,Amoxicillin,Amoxicillin,Antibiotics,Tablet,1g,40.54,2026-01-28,336,Hikma Egypt,1,1,Amoxicillin,Amoxicillin
209,Glimepiride,Glimepiride,Antidiabetics,Tablet,10mg,248.94,2026-01-25,70,Global Napi,1,0,Glimepiride,Glimepiride
210,Clindamycin Gel,Clindamycin,Dermatology,Shampoo,1%,44.97,2026-05-17,324,Hikma Egypt,1,0,Clindamycin,Clindamycin Gel
211,Ondansetron Syrup,Ondansetron,Kids Medications,Syrup,10mg/ml,145.51,2027-06-22,486,Pharco,1,1,Ondansetron,Ondansetron Syrup
212,Vitamin B Complex,B-Complex,Vitamins & Supplements,Capsule,100mg,264.97,2026-02-08,426,Hikma Egypt,1,0,B-Complex,Vitamin B Complex
213,Ivabradine,Ivabradine,Cardiovascular,Sublingual Tablet,20mg,238.96,2027-04-14,329,AstraZeneca Egypt,1,0,Ivabradine,Ivabradine
214,Dulaglutide,Dulaglutide,Antidiabetics,Extended-Release Tablet,1.34mg/ml,172.71,2025-09-29,280,Pfizer Egypt,1,0,Dulaglutide,Trulicity
215,Ramipril,Ramipril,Cardiovascular,Sublingual Tablet,40mg,157.12,2026-06-15,429,Pharco,1,0,Ramipril,Tritace
216,Olopatadine,Olopatadine,Antihistamines,Film-Coated Tablet,25mg,172.02,2027-05-30,279,Tabuk Egypt,1,0,Olopatadine,Olopatadine
217,Loratadine Syrup,Loratadine,Kids Medications,Syrup,100mg/5ml,166.76,2026-07-02,247,October Pharma,1,1,Loratadine,Loratadine Syrup
218,Acarbose,Acarbose,Antidiabetics,Extended-Release Tablet,500mg,468.56,2026-01-17,207,Global Napi,1,0,Acarbose,Glucobay
219,Lansoprazole,Lansoprazole,Gastrointestinal,Sachet,5mg,31.67,2026-04-11,8,October Pharma,1,0,Lansoprazole,Lansoprazole
220,Sitagliptin,Sitagliptin,Antidiabetics,Pen Injector,850mg,95.8,2026-10-28,113,Sigma Pharma,1,0,Sitagliptin,Januvia
221,Clotrimazole Pessary,Clotrimazole,Women Health,Patch,350mcg,57.99,2025-06-14,432,Bayer Egypt,1,0,Clotrimazole,Clotrimazole Pessary
222,Zinc Syrup,Zinc Sulfate,Kids Medications,Syrup,100mg/5ml,119.9,2026-03-01,395,Tabuk Egypt,1,0,Zinc Sulfate,Zinc Syrup
223,Clomiphene,Clomiphene Citrate,Women Health,Pessary,2mg,93.34,2027-02-03,298,Amriya Pharma,1,0,Clomiphene Citrate,Clomiphene
224,Diltiazem,Diltiazem,Cardiovascular,Extended-Release Tablet,100mg,351.14,2027-07-18,170,Pharco,1,0,Diltiazem,Diltiazem
225,ORS,Oral Rehydration Salts,Gastrointestinal,Sachet,20mg,44,2025-12-06,303,CID Pharma,1,0,Oral Rehydration Salts,ORS
226,Nifedipine,Nifedipine,Cardiovascular,Sublingual Tablet,50mg,133.17,2027-08-03,319,Novartis Egypt,1,0,Nifedipine,Nifedipine
227,Acarbose,Acarbose,Antidiabetics,Extended-Release Tablet,10mcg,507.11,2026-12-31,81,Bayer Egypt,1,0,Acarbose,Glucobay
228,Bimatoprost Eye Drops,Bimatoprost,Drops,Eye Drops,1%,238.81,2027-02-19,86,Pfizer Egypt,1,0,Bimatoprost,Bimatoprost Eye Drops
229,Paracetamol Syrup,Paracetamol,Kids Medications,Syrup,10mg/ml,40.86,2026-03-19,256,October Pharma,1,1,Paracetamol,Panadol
230,Magnesium,Magnesium Oxide,Vitamins & Supplements,Tablet,1000mcg,123.18,2027-05-21,281,Hikma Egypt,1,0,Magnesium Oxide,Magnesium
231,Lactulose,Lactulose,Gastrointestinal,Tablet,500mg,181.3,2026-02-07,167,Medical Union,1,0,Lactulose,Duphalac
232,Progesterone Only Pill,Levonorgestrel,Women Health,Tablet,150mcg/30mcg,216.47,2026-11-17,330,Sanofi Egypt,1,0,Levonorgestrel,Progesterone Only Pill
233,Zinc,Zinc Sulfate,Vitamins & Supplements,Softgel,50000IU,218.98,2025-04-13,154,Sigma Pharma,1,0,Zinc Sulfate,Zinc
234,Naproxen,Naproxen,Painkillers,Tablet,50mg,266.51,2025-11-04,498,Hikma Egypt,1,0,Naproxen,Apranax
235,Collagen,Hydrolyzed Collagen,Vitamins & Supplements,Effervescent Tablet,200mg,246.03,2027-09-04,392,Tabuk Egypt,1,0,Hydrolyzed Collagen,Collagen
236,Zinc Syrup,Zinc Sulfate,Kids Medications,Syrup,10mg/ml,191.01,2025-05-22,415,Memphis Pharma,1,0,Zinc Sulfate,Zinc Syrup
237,Azithromycin Suspension,Azithromycin,Kids Medications,Syrup,250mg/5ml,196.95,2025-08-23,349,Global Napi,1,1,Azithromycin,Azithromycin Suspension
238,Vicks VapoRub,Camphor/Menthol,Cough & Cold,Tablet,6mg,76.46,2027-07-26,383,Novartis Egypt,1,0,Camphor/Menthol,Vicks VapoRub
239,Baclofen,Baclofen,Painkillers,Extended-Release Tablet,100mg,267.55,2026-12-13,169,Global Napi,1,0,Baclofen,Baclofen
240,Coenzyme Q10,Ubiquinone,Vitamins & Supplements,Sachet,25mcg,154.67,2027-01-04,222,Sigma Pharma,1,0,Ubiquinone,Coenzyme Q10
241,Tamoxifen,Tamoxifen,General,Film-Coated Tablet,500mg,85.65,2025-07-12,299,Novartis Egypt,1,0,Tamoxifen,Tamoxifen
242,Guaifenesin,Guaifenesin,Cough & Cold,Inhaler,30mg,61.35,2026-04-14,450,Novartis Egypt,1,0,Guaifenesin,Guaifenesin
243,Salicylic Acid,Salicylic Acid,Dermatology,Lotion,0.03%,279.1,2026-03-29,5,Bayer Egypt,1,0,Salicylic Acid,Salicylic Acid
244,Glimepiride,Glimepiride,Antidiabetics,Extended-Release Tablet,850mg,206.25,2025-09-01,199,Hikma Egypt,1,0,Glimepiride,Glimepiride
245,Cold & Flu Combo,Paracetamol/Pseudoephedrine,Cough & Cold,Sachet,600mg,141.86,2025-03-16,63,Eva Pharma,1,0,Paracetamol/Pseudoephedrine,Cold & Flu Combo
246,Oxytocin,Oxytocin,Women Health,Patch,500mcg,342.41,2025-04-04,163,Novartis Egypt,1,0,Oxytocin,Oxytocin
247,Diltiazem,Diltiazem,Cardiovascular,Tablet,100mg,186.27,2026-08-04,403,Sanofi Egypt,1,0,Diltiazem,Diltiazem
248,Psyllium,Ispaghula Husk,Gastrointestinal,Capsule,5mg,189.13,2026-08-04,143,Sigma Pharma,1,0,Ispaghula Husk,Psyllium
249,Magnesium Sulfate,Magnesium Sulfate,Women Health,Pessary,100mg,320.11,2027-03-14,318,GSK Egypt,1,0,Magnesium Sulfate,Magnesium Sulfate
250,Ramipril,Ramipril,Cardiovascular,Tablet,50mg,164.74,2026-08-27,421,Medical Union,1,0,Ramipril,Tritace
251,Levofloxacin,Levofloxacin,Antibiotics,Suspension,1g,312.95,2026-02-18,183,Eva Pharma,1,0,Levofloxacin,Tavanic
252,Dydrogesterone,Dydrogesterone,Women Health,Vaginal Tablet,500mcg,216.12,2027-01-25,495,Sigma Pharma,1,0,Dydrogesterone,Duphaston
253,Coal Tar Shampoo,Coal Tar,Dermatology,Shampoo,0.05%,256.35,2025-10-20,52,Global Napi,1,0,Coal Tar,Coal Tar Shampoo
254,Ketorolac,Ketorolac,Painkillers,Extended-Release Tablet,400mg,23.3,2025-02-07,246,Hikma Egypt,1,0,Ketorolac,Ketorolac
255,Insulin Lispro,Insulin Lispro,Antidiabetics,Injection,850mg,467.41,2027-04-23,315,October Pharma,1,0,Insulin Lispro,Humalog
256,Amoxicillin Suspension,Amoxicillin,Kids Medications,Syrup,120mg/5ml,28.37,2026-02-04,406,Sanofi Egypt,1,1,Amoxicillin,Amoxicillin Suspension
257,Spironolactone,Spironolactone,General,Film-Coated Tablet,100mg,127.37,2026-10-19,174,CID Pharma,1,0,Spironolactone,Aldactone
258,Ketotifen,Ketotifen,Antihistamines,Film-Coated Tablet,1mg,189.05,2025-05-26,330,Hikma Egypt,1,0,Ketotifen,Ketotifen
259,Dexamethasone,Dexamethasone,General,Capsule,100mg,24.46,2026-11-05,216,CID Pharma,1,0,Dexamethasone,Dexamethasone
260,Glibenclamide,Glibenclamide,Antidiabetics,Extended-Release Tablet,25mg,112.47,2026-05-26,220,CID Pharma,1,0,Glibenclamide,Glibenclamide
261,Paracetamol Syrup,Paracetamol,Kids Medications,Syrup,10mg/ml,54.98,2027-08-05,141,Al Debeiky,1,1,Paracetamol,Panadol
262,Estradiol Patch,Estradiol,Women Health,Vaginal Tablet,2mg,206.09,2025-09-15,316,Eva Pharma,1,0,Estradiol,Estradiol Patch
263,Isoniazid,Isoniazid,Antibiotics,Powder for Injection,50mg/ml,318.87,2027-09-09,49,EIPICO,1,0,Isoniazid,Isoniazid
264,Moxifloxacin Eye Drops,Moxifloxacin,Drops,Eye Drops,3ml,271.69,2025-12-26,281,Tabuk Egypt,1,0,Moxifloxacin,Moxifloxacin Eye Drops
265,Repaglinide,Repaglinide,Antidiabetics,Injection,1000mg,191.78,2025-06-26,113,GSK Egypt,1,0,Repaglinide,Repaglinide
266,Methylprednisolone,Methylprednisolone,General,Tablet,500mg,176.33,2026-09-06,154,GSK Egypt,1,0,Methylprednisolone,Methylprednisolone
267,Ramipril,Ramipril,Cardiovascular,Capsule,5mg,459.66,2027-08-14,229,Hikma Egypt,1,0,Ramipril,Tritace
268,Tramadol 100mg,Tramadol HCl,Painkillers,Suppository,75mg,36.35,2025-08-22,488,Sigma Pharma,1,0,Tramadol HCl,Tramadol 100mg
269,Cetirizine Syrup,Cetirizine,Kids Medications,Syrup,120mg/5ml,155.89,2027-02-26,316,Eva Pharma,1,1,Cetirizine,Cetirizine Syrup
270,Pseudoephedrine,Pseudoephedrine,Cough & Cold,Tablet,0.10%,56.54,2027-09-26,177,Medical Union,1,0,Pseudoephedrine,Pseudoephedrine
271,Cyclopentolate,Cyclopentolate,Drops,Eye Drops,2%,272.39,2026-04-30,283,Pfizer Egypt,1,0,Cyclopentolate,Cyclopentolate
272,Ramipril,Ramipril,Cardiovascular,Capsule,20mg,263.35,2026-08-27,313,Pfizer Egypt,1,0,Ramipril,Tritace
273,Dexamethasone,Dexamethasone,General,Injection,50mg,169.36,2025-04-13,87,Mina Pharm,1,0,Dexamethasone,Dexamethasone
274,Azelastine Nasal,Azelastine,Antihistamines,Nasal Spray,180mg,76.74,2025-07-24,221,Global Napi,1,0,Azelastine,Azelastine Nasal
275,Saline Nasal Spray,Sodium Chloride,Cough & Cold,Nasal Spray,6mg,136.69,2027-02-13,311,Sigma Pharma,1,0,Sodium Chloride,Saline Nasal Spray
276,Clarithromycin,Clarithromycin,Antibiotics,Injection,500mg,86.47,2026-09-26,429,CID Pharma,1,0,Clarithromycin,Clarithromycin
277,Canagliflozin,Canagliflozin,Antidiabetics,Pen Injector,850mg,388.84,2026-01-24,452,Pharco,1,0,Canagliflozin,Canagliflozin
278,Cyclopentolate,Cyclopentolate,Drops,Nasal Drops,0.10%,33.27,2026-01-27,142,Global Napi,1,0,Cyclopentolate,Cyclopentolate
279,Calcium,Calcium Carbonate,Vitamins & Supplements,Effervescent Tablet,10mg,266.29,2026-12-31,69,Mina Pharm,1,0,Calcium Carbonate,Calcium
280,Repaglinide,Repaglinide,Antidiabetics,Tablet,100IU/ml,310.3,2026-12-21,146,Amriya Pharma,1,0,Repaglinide,Repaglinide
281,Metronidazole Suspension,Metronidazole,Kids Medications,Syrup,120mg/5ml,68.81,2027-06-05,79,Bayer Egypt,1,0,Metronidazole,Metronidazole Suspension
282,Cephalexin,Cefalexin,Antibiotics,Capsule,200mg,315.42,2027-05-10,75,Sigma Pharma,1,0,Cefalexin,Keflex
283,Isotretinoin,Isotretinoin,Dermatology,Solution,0.50%,257.48,2026-06-24,28,Global Napi,1,0,Isotretinoin,Isotretinoin
284,Ketorolac,Ketorolac,Painkillers,Capsule,75mg,276.02,2027-04-13,50,Medical Union,1,0,Ketorolac,Ketorolac
285,Ibuprofen 400mg,Ibuprofen,Painkillers,Extended-Release Tablet,100mg,45.97,2027-05-08,216,Pharco,1,1,Ibuprofen,Brufen
286,Melatonin,Melatonin,Vitamins & Supplements,Effervescent Tablet,200mg,244.55,2025-08-14,84,Al Debeiky,1,0,Melatonin,Melatonin
287,Pseudoephedrine,Pseudoephedrine,Cough & Cold,Nasal Spray,6mg,91.95,2026-07-27,45,Sanofi Egypt,1,0,Pseudoephedrine,Pseudoephedrine
288,Digoxin,Digoxin,Cardiovascular,Tablet,2.5mg,427.77,2026-06-14,194,Mina Pharm,1,0,Digoxin,Digoxin
289,Ranitidine,Ranitidine,Gastrointestinal,Syrup,10mg,62.32,2026-03-22,99,Amriya Pharma,1,0,Ranitidine,Ranitidine
290,Dapagliflozin,Dapagliflozin,Antidiabetics,Pen Injector,5mg,544.13,2026-11-20,139,Novartis Egypt,1,1,Dapagliflozin,Dapagliflozin
291,Folic Acid,Folic Acid,Vitamins & Supplements,Effervescent Tablet,100mg,248.11,2027-06-01,0,Pfizer Egypt,0,0,Folic Acid,Folicap
292,Bisoprolol,Bisoprolol,Cardiovascular,Capsule,0.25mg,372.79,2027-08-29,143,GSK Egypt,1,0,Bisoprolol,Bisoprolol
293,Hydroxyzine,Hydroxyzine,Antihistamines,Tablet,25mg,198.85,2027-04-25,64,GSK Egypt,1,0,Hydroxyzine,Hydroxyzine
294,Bisoprolol,Bisoprolol,Cardiovascular,Sublingual Tablet,5mg,122.12,2026-11-08,343,Eva Pharma,1,0,Bisoprolol,Bisoprolol
295,Xylometazoline,Xylometazoline,Cough & Cold,Sachet,60mg,39.65,2025-08-29,484,Sigma Pharma,1,0,Xylometazoline,Xylometazoline
296,Amiodarone,Amiodarone,Cardiovascular,Sublingual Tablet,10mg,129.49,2027-05-16,30,Pfizer Egypt,1,0,Amiodarone,Amiodarone
297,Ciprofloxacin,Ciprofloxacin,Antibiotics,Injection,200mg,176.21,2027-05-08,229,Global Napi,1,1,Ciprofloxacin,Ciprofloxacin
298,Vitamin K,Phytonadione,Vitamins & Supplements,Effervescent Tablet,1000mcg,138.69,2025-03-28,128,Eva Pharma,1,0,Phytonadione,Vitamin K
299,Cephalexin,Cefalexin,Antibiotics,Suspension,1g,244.75,2027-07-19,144,October Pharma,1,0,Cefalexin,Keflex
300,Piroxicam,Piroxicam,Painkillers,Tablet,400mg,118.23,2027-02-09,65,Al Debeiky,1,0,Piroxicam,Piroxicam
301,Famotidine,Famotidine,Gastrointestinal,Capsule,1g,148.29,2025-03-01,299,Eva Pharma,1,0,Famotidine,Famotidine
302,Metronidazole Gel,Metronidazole,Women Health,Capsule,500mcg,190.28,2027-03-28,123,October Pharma,1,0,Metronidazole,Metronidazole Gel
303,Adapalene,Adapalene,Dermatology,Solution,5%,173.31,2027-06-23,47,Pharco,1,0,Adapalene,Adapalene
304,Loperamide,Loperamide,Gastrointestinal,Syrup,10mg,56.09,2027-03-16,271,Mina Pharm,1,0,Loperamide,Loperamide
305,Paracetamol Syrup,Paracetamol,Kids Medications,Syrup,200mg/5ml,166.25,2027-04-11,188,Hikma Egypt,1,1,Paracetamol,Panadol
306,Loratadine Syrup,Loratadine,Kids Medications,Syrup,100mg/5ml,54.36,2026-02-24,126,Bayer Egypt,1,1,Loratadine,Loratadine Syrup
307,Isoniazid,Isoniazid,Antibiotics,Suspension,1g,97.11,2026-09-21,116,EIPICO,1,0,Isoniazid,Isoniazid
308,Valsartan,Valsartan,Cardiovascular,Injection,100mg,63.39,2025-09-03,369,Memphis Pharma,1,0,Valsartan,Valsartan
309,Tacrolimus Ointment,Tacrolimus,Dermatology,Ointment,0.03%,150.33,2026-06-03,410,Medical Union,1,0,Tacrolimus,Tacrolimus Ointment
310,Loperamide,Loperamide,Gastrointestinal,Tablet,30mg,170.51,2026-02-09,461,AstraZeneca Egypt,1,0,Loperamide,Loperamide
311,Ondansetron,Ondansetron,Gastrointestinal,Suspension,30mg,64.11,2027-09-01,464,Bayer Egypt,1,1,Ondansetron,Ondansetron
312,Gentamicin,Gentamicin,Antibiotics,Powder for Injection,250mg,184.19,2026-10-13,406,AstraZeneca Egypt,1,0,Gentamicin,Garamycin
313,Bisacodyl,Bisacodyl,Gastrointestinal,Syrup,5mg,101.34,2026-05-29,422,Sanofi Egypt,1,0,Bisacodyl,Bisacodyl
314,Dapagliflozin,Dapagliflozin,Antidiabetics,Extended-Release Tablet,10mg,370.02,2025-12-02,53,Novartis Egypt,1,1,Dapagliflozin,Dapagliflozin
315,Magnesium,Magnesium Oxide,Vitamins & Supplements,Softgel,200mg,213.05,2026-07-02,101,Pharco,1,0,Magnesium Oxide,Magnesium
316,Aspirin,Aspirin,General,Tablet,200mg,131.49,2025-05-10,392,Pharco,1,0,Aspirin,Aspirin
317,Vitamin D Drops,Cholecalciferol,Kids Medications,Drops,5mg/5ml,191.24,2027-01-29,133,Global Napi,1,0,Cholecalciferol,Vitamin D Drops
318,Coal Tar Shampoo,Coal Tar,Dermatology,Shampoo,2.50%,166.32,2027-04-20,163,Sanofi Egypt,1,0,Coal Tar,Coal Tar Shampoo
319,Tramadol 50mg,Tramadol HCl,Painkillers,Injection,75mg,50.11,2026-01-04,453,Tabuk Egypt,1,0,Tramadol HCl,Tramadol 50mg
320,Amiodarone,Amiodarone,Cardiovascular,Sublingual Tablet,1mg,463.92,2025-07-30,130,Al Debeiky,1,0,Amiodarone,Amiodarone
321,Ibuprofen,Ibuprofen,General,Tablet,5mg,32.03,2025-10-14,202,Sanofi Egypt,1,1,Ibuprofen,Brufen
322,Budesonide Nasal,Budesonide,Cough & Cold,Nasal Spray,60mg,139.88,2026-07-25,420,Memphis Pharma,1,0,Budesonide,Budesonide Nasal
323,Hydroxyzine,Hydroxyzine,Antihistamines,Nasal Spray,10mg,122.26,2027-08-16,182,Hikma Egypt,1,0,Hydroxyzine,Hydroxyzine
324,Atorvastatin,Atorvastatin,Cardiovascular,Injection,1mg,492.93,2025-09-04,37,Sanofi Egypt,1,1,Atorvastatin,Atorvastatin
325,Morphine,Morphine Sulfate,Painkillers,Tablet,100mg,38.03,2025-09-26,262,AstraZeneca Egypt,1,0,Morphine Sulfate,Morphine
326,Amoxicillin Suspension,Amoxicillin,Kids Medications,Syrup,200mg/5ml,44.04,2025-12-24,162,GSK Egypt,1,1,Amoxicillin,Amoxicillin Suspension
327,Isoniazid,Isoniazid,Antibiotics,Capsule,50mg/ml,196.35,2026-07-31,23,Pharco,1,0,Isoniazid,Isoniazid
328,Oxymetazoline,Oxymetazoline,Cough & Cold,Nasal Spray,0.10%,57.05,2026-12-22,114,Sanofi Egypt,1,0,Oxymetazoline,Oxymetazoline
329,Progesterone Only Pill,Levonorgestrel,Women Health,Patch,1.5mg,121.92,2026-07-17,93,Hikma Egypt,1,0,Levonorgestrel,Progesterone Only Pill
330,Glimepiride,Glimepiride,Antidiabetics,Film-Coated Tablet,100IU/ml,120.63,2026-12-10,218,Sigma Pharma,1,0,Glimepiride,Glimepiride
331,Xylometazoline,Xylometazoline,Cough & Cold,Nasal Spray,600mg,94.46,2027-09-02,297,Al Debeiky,1,0,Xylometazoline,Xylometazoline
332,Miconazole Cream,Miconazole,Dermatology,Cream,0.10%,94.47,2027-01-11,62,Mina Pharm,1,0,Miconazole,Miconazole Cream
333,Throat Lozenges,Benzocaine,Cough & Cold,Lozenges,600mg,105.21,2027-06-07,76,Hikma Egypt,1,0,Benzocaine,Throat Lozenges
334,Salicylic Acid,Salicylic Acid,Dermatology,Ointment,10%,292.77,2026-06-14,300,AstraZeneca Egypt,1,0,Salicylic Acid,Salicylic Acid
335,Betamethasone Cream,Betamethasone,Dermatology,Cream,0.05%,70.76,2026-12-07,401,Tabuk Egypt,1,0,Betamethasone,Betamethasone Cream
336,Metronidazole Suspension,Metronidazole,Kids Medications,Syrup,100mg/5ml,117.28,2026-07-16,455,Al Debeiky,1,0,Metronidazole,Metronidazole Suspension
337,Insulin Glargine,Insulin Glargine,Antidiabetics,Injection,25mg,249.38,2025-08-28,138,Al Debeiky,1,1,Insulin Glargine,Lantus
338,Emergency Contraception,Levonorgestrel 1.5mg,Women Health,Injection,100mg,113.22,2025-08-25,406,Hikma Egypt,1,0,Levonorgestrel 1.5mg,Emergency Contraception
339,Psyllium,Ispaghula Husk,Gastrointestinal,Suppository,1g,111.35,2025-07-28,93,Novartis Egypt,1,0,Ispaghula Husk,Psyllium
340,Magnesium Sulfate,Magnesium Sulfate,Women Health,Tablet,5mg,188.97,2025-06-12,280,CID Pharma,1,0,Magnesium Sulfate,Magnesium Sulfate
341,Mometasone Cream,Mometasone,Dermatology,Cream,0.50%,239.03,2025-09-24,133,Mina Pharm,1,0,Mometasone,Mometasone Cream
342,Progesterone Vaginal,Micronized Progesterone,Women Health,Capsule,150mcg/30mcg,336.74,2026-07-19,348,Amriya Pharma,1,0,Micronized Progesterone,Progesterone Vaginal
343,Tramadol 100mg,Tramadol HCl,Painkillers,Capsule,75mg,264.46,2025-11-24,399,Sanofi Egypt,1,0,Tramadol HCl,Tramadol 100mg
344,Metoprolol,Metoprolol,Cardiovascular,Tablet,100mg,439.04,2025-05-10,193,Global Napi,1,0,Metoprolol,Metoprolol
345,Ketoconazole Shampoo,Ketoconazole,Dermatology,Shampoo,0.50%,68.15,2026-01-16,143,Pharco,1,0,Ketoconazole,Nizoral
346,Isotretinoin,Isotretinoin,Dermatology,Gel,2.50%,74.52,2025-02-20,72,Medical Union,1,0,Isotretinoin,Isotretinoin
347,Simethicone Drops,Simethicone,Kids Medications,Drops,120mg/5ml,143.3,2027-10-03,25,Novartis Egypt,1,0,Simethicone,Simethicone Drops
348,Metformin,Metformin,Antidiabetics,Film-Coated Tablet,1.34mg/ml,580.33,2027-10-07,186,Pharco,1,1,Metformin,Glucophage
349,Desloratadine,Desloratadine,Antihistamines,Nasal Spray,5mg/5ml,135.52,2026-01-02,41,Bayer Egypt,1,0,Desloratadine,Desloratadine
350,Clopidogrel,Clopidogrel,Cardiovascular,Injection,20mg,340.19,2027-08-24,284,Global Napi,1,1,Clopidogrel,Clopidogrel
351,Promethazine,Promethazine,Antihistamines,Syrup,25mg,84.61,2027-01-11,23,Memphis Pharma,1,0,Promethazine,Promethazine
352,Urea Cream,Urea,Dermatology,Cream,5%,203.22,2026-09-13,120,Novartis Egypt,1,0,Urea,Urea Cream
353,Tobramycin Eye Drops,Tobramycin,Drops,Eye Drops,0.50%,38.48,2026-02-10,425,Hikma Egypt,1,0,Tobramycin,Tobramycin Eye Drops
354,Metronidazole Gel,Metronidazole,Women Health,Injection,350mcg,247.11,2025-09-14,322,Amriya Pharma,1,0,Metronidazole,Metronidazole Gel
355,Cefixime,Cefixime,Antibiotics,Capsule,125mg/5ml,284.32,2026-03-02,45,Eva Pharma,1,0,Cefixime,Cefixime
356,Ondansetron,Ondansetron,Gastrointestinal,Syrup,1g,62.75,2026-05-22,230,Bayer Egypt,1,1,Ondansetron,Ondansetron
357,Vildagliptin,Vildagliptin,Antidiabetics,Tablet,1.34mg/ml,473.14,2025-03-07,431,GSK Egypt,1,0,Vildagliptin,Vildagliptin
358,Clopidogrel,Clopidogrel,Cardiovascular,Tablet,25mg,145.17,2025-04-15,384,Sigma Pharma,1,1,Clopidogrel,Clopidogrel
359,Vitamin B Complex,B-Complex,Vitamins & Supplements,Capsule,50000IU,243.73,2025-02-20,36,AstraZeneca Egypt,1,0,B-Complex,Vitamin B Complex
360,Noscapine,Noscapine,Cough & Cold,Tablet,0.10%,64.23,2026-09-14,260,GSK Egypt,1,0,Noscapine,Noscapine
361,Augmentin Suspension,Amoxicillin/Clavulanate,Kids Medications,Syrup,5mg/5ml,57.48,2027-10-17,497,Amriya Pharma,1,0,Amoxicillin/Clavulanate,Augmentin Suspension
362,Levocetirizine,Levocetirizine,Antihistamines,Syrup,25mg,54.89,2025-08-02,199,Sanofi Egypt,1,0,Levocetirizine,Xyzal
363,Pantoprazole,Pantoprazole,Gastrointestinal,Sachet,10mg,197.86,2027-07-31,111,Medical Union,1,1,Pantoprazole,Pantoprazole
364,Methylprednisolone,Methylprednisolone,General,Injection,1g,188.72,2025-05-18,393,Al Debeiky,1,0,Methylprednisolone,Methylprednisolone
365,Fexofenadine,Fexofenadine,Antihistamines,Tablet,10mg,197.64,2026-10-23,468,Pfizer Egypt,1,0,Fexofenadine,Fexofenadine
366,Simethicone Drops,Simethicone,Kids Medications,Drops,10mg/ml,173.62,2026-11-28,462,October Pharma,1,0,Simethicone,Simethicone Drops
367,Doxycycline,Doxycycline,Antibiotics,Injection,200mg,338.24,2027-07-19,232,Memphis Pharma,1,0,Doxycycline,Doxycycline
368,Bisacodyl,Bisacodyl,Gastrointestinal,Sachet,15mlsachet,193.16,2027-10-17,439,Memphis Pharma,1,0,Bisacodyl,Bisacodyl
369,Tramadol 50mg,Tramadol HCl,Painkillers,Suppository,500mg,91.26,2025-05-11,200,Tabuk Egypt,1,0,Tramadol HCl,Tramadol 50mg
370,Benzoyl Peroxide,Benzoyl Peroxide,Dermatology,Gel,2.50%,261.39,2027-04-14,185,Medical Union,1,0,Benzoyl Peroxide,Benzoyl Peroxide
371,Metoclopramide,Metoclopramide,Gastrointestinal,Suspension,1g,191.32,2026-01-24,15,Memphis Pharma,1,0,Metoclopramide,Metoclopramide
372,Iron Drops,Ferrous Sulfate,Kids Medications,Drops,200mg/5ml,145.86,2026-01-21,474,Eva Pharma,1,0,Ferrous Sulfate,Iron Drops
373,Antacid,Aluminum/Magnesium Hydroxide,Gastrointestinal,Sachet,40mg,189.31,2027-07-22,73,Mina Pharm,1,0,Aluminum/Magnesium Hydroxide,Antacid
374,Ketorolac,Ketorolac,Painkillers,Extended-Release Tablet,25mg,230.56,2025-04-05,56,Global Napi,1,0,Ketorolac,Ketorolac
375,Amikacin,Amikacin,Antibiotics,Suspension,250mg,116.37,2026-08-20,313,AstraZeneca Egypt,1,0,Amikacin,Amikacin
376,Ciprofloxacin Ear Drops,Ciprofloxacin,Drops,Drops,0.20%,232.03,2026-12-26,91,Global Napi,1,1,Ciprofloxacin,Ciprofloxacin Ear Drops
377,Urea Cream,Urea,Dermatology,Cream,0.10%,222.71,2025-12-16,32,GSK Egypt,1,0,Urea,Urea Cream
378,Allopurinol,Allopurinol,General,Film-Coated Tablet,1g,114.49,2026-12-10,441,Tabuk Egypt,1,0,Allopurinol,Zyloric
379,Tibolone,Tibolone,Women Health,Tablet,1.5mg,350.19,2026-11-28,334,GSK Egypt,1,0,Tibolone,Tibolone
380,Ipratropium Inhaler,Ipratropium,Cough & Cold,Tablet,60mg,89.82,2026-10-30,453,Al Debeiky,1,0,Ipratropium,Ipratropium Inhaler
381,Gentamicin Eye Drops,Gentamicin,Drops,Eye Drops,0.30%,275.99,2025-09-09,132,Global Napi,1,0,Gentamicin,Garamycin
382,Coal Tar Shampoo,Coal Tar,Dermatology,Shampoo,2.50%,241.74,2025-12-15,225,Tabuk Egypt,1,0,Coal Tar,Coal Tar Shampoo
383,Ambroxol,Ambroxol,Cough & Cold,Nasal Spray,30mg,122.99,2026-08-12,468,Pharco,1,1,Ambroxol,Ambroxol
384,Antacid,Aluminum/Magnesium Hydroxide,Gastrointestinal,Syrup,20mg,72.52,2027-05-11,48,Mina Pharm,1,0,Aluminum/Magnesium Hydroxide,Antacid
385,Betamethasone Cream,Betamethasone,Dermatology,Cream,0.03%,199.5,2025-10-12,323,AstraZeneca Egypt,1,0,Betamethasone,Betamethasone Cream
386,Throat Lozenges,Benzocaine,Cough & Cold,Syrup,6mg,85.54,2027-03-30,46,Tabuk Egypt,1,0,Benzocaine,Throat Lozenges
387,Moxifloxacin Eye Drops,Moxifloxacin,Drops,Eye Drops,0.30%,251.57,2027-07-26,372,GSK Egypt,1,0,Moxifloxacin,Moxifloxacin Eye Drops
388,Folic Acid 5mg,Folic Acid,Women Health,Pessary,350mcg,112.29,2025-03-09,166,Memphis Pharma,1,0,Folic Acid,Folicap
389,Emergency Contraception,Levonorgestrel 1.5mg,Women Health,Vaginal Tablet,2mg,197.76,2027-04-13,348,Mina Pharm,1,0,Levonorgestrel 1.5mg,Emergency Contraception
390,Vitamin E,Tocopherol,Vitamins & Supplements,Sachet,1000IU,274.62,2025-09-16,278,AstraZeneca Egypt,1,0,Tocopherol,Vitamin E
391,Cetirizine,Cetirizine,Antihistamines,Film-Coated Tablet,180mg,119.47,2027-05-02,489,Eva Pharma,1,1,Cetirizine,Cetirizine
392,Tamoxifen,Tamoxifen,General,Film-Coated Tablet,1g,104.26,2027-07-28,341,Memphis Pharma,1,0,Tamoxifen,Tamoxifen
393,Hydroxyzine,Hydroxyzine,Antihistamines,Nasal Spray,5mg/5ml,185.13,2025-10-05,351,Memphis Pharma,1,0,Hydroxyzine,Hydroxyzine
394,Diclofenac 50mg,Diclofenac Sodium,Painkillers,Suppository,50mg,148.57,2027-04-19,335,Novartis Egypt,1,0,Diclofenac Sodium,Voltaren
395,Vitamin C,Ascorbic Acid,Vitamins & Supplements,Capsule,400IU,68.87,2026-08-12,121,Pharco,1,1,Ascorbic Acid,Vitamin C
396,Ibuprofen Syrup,Ibuprofen,Kids Medications,Syrup,5mg/5ml,56.44,2025-05-17,5,Al Debeiky,1,1,Ibuprofen,Brufen
397,Ciprofloxacin Eye Drops,Ciprofloxacin,Drops,Eye Drops,3ml,184.11,2026-05-31,83,GSK Egypt,1,1,Ciprofloxacin,Ciprofloxacin Eye Drops
398,Vildagliptin,Vildagliptin,Antidiabetics,Extended-Release Tablet,500mg,588.02,2025-05-23,119,Pharco,1,0,Vildagliptin,Vildagliptin
399,Omega-3,Fish Oil,Vitamins & Supplements,Sachet,50000IU,127.68,2027-01-24,65,Sanofi Egypt,1,0,Fish Oil,Omega-3
400,Furosemide,Furosemide,General,Tablet,500mg,21.83,2025-09-04,78,Amriya Pharma,1,0,Furosemide,Furosemide
401,Acetylcysteine,N-Acetylcysteine,Cough & Cold,Inhaler,600mg,89.88,2027-01-01,377,Novartis Egypt,1,0,N-Acetylcysteine,Acetylcysteine
402,Glucosamine,Glucosamine Sulfate,Vitamins & Supplements,Tablet,500mg,89.81,2026-10-07,122,AstraZeneca Egypt,1,0,Glucosamine Sulfate,Glucosamine
403,Diclofenac 50mg,Diclofenac Sodium,Painkillers,Injection,75mg,132,2026-09-14,417,Mina Pharm,1,0,Diclofenac Sodium,Voltaren
404,Oxymetazoline,Oxymetazoline,Cough & Cold,Nasal Spray,15mg/5ml,53.99,2025-12-28,403,AstraZeneca Egypt,1,0,Oxymetazoline,Oxymetazoline
405,Pseudoephedrine,Pseudoephedrine,Cough & Cold,Lozenges,60mg,174.42,2027-01-10,214,Hikma Egypt,1,0,Pseudoephedrine,Pseudoephedrine
406,Sitagliptin,Sitagliptin,Antidiabetics,Film-Coated Tablet,850mg,372.05,2026-01-12,106,Al Debeiky,1,0,Sitagliptin,Januvia
407,Ondansetron,Ondansetron,Gastrointestinal,Tablet,15mlsachet,15.25,2025-09-06,181,Bayer Egypt,1,1,Ondansetron,Ondansetron
408,Paracetamol 1g,Paracetamol,Painkillers,Suppository,25mg,166.37,2026-02-04,431,Pfizer Egypt,1,1,Paracetamol,Panadol
409,Hydrocortisone Cream,Hydrocortisone,Dermatology,Cream,0.05%,210.59,2026-04-14,37,Novartis Egypt,1,0,Hydrocortisone,Hydrocortisone Cream
410,Dextromethorphan,Dextromethorphan,Cough & Cold,Nasal Spray,0.10%,120.27,2025-09-04,119,Mina Pharm,1,0,Dextromethorphan,Dextromethorphan
411,Nitrofurantoin,Nitrofurantoin,Antibiotics,Tablet,1g,216,2025-04-13,371,Sanofi Egypt,1,0,Nitrofurantoin,Nitrofurantoin
412,Insulin Glargine,Insulin Glargine,Antidiabetics,Injection,1.34mg/ml,219.2,2026-06-24,128,Bayer Egypt,1,1,Insulin Glargine,Lantus
413,Diltiazem,Diltiazem,Cardiovascular,Sublingual Tablet,100mg,177.27,2026-09-05,68,Memphis Pharma,1,0,Diltiazem,Diltiazem
414,Artificial Tears,Hypromellose,Drops,Eye Drops,0.10%,129.15,2025-07-19,154,EIPICO,1,0,Hypromellose,Artificial Tears
415,Zinc,Zinc Sulfate,Vitamins & Supplements,Sachet,400IU,68.75,2027-06-01,197,Memphis Pharma,1,0,Zinc Sulfate,Zinc
416,Fluticasone Nasal,Fluticasone,Cough & Cold,Nasal Spray,60mg,63.79,2025-08-20,382,Medical Union,1,0,Fluticasone,Fluticasone Nasal
417,Tibolone,Tibolone,Women Health,Capsule,2mg,333.4,2027-04-16,179,Bayer Egypt,1,0,Tibolone,Tibolone
418,Vitamin B12,Cyanocobalamin,Vitamins & Supplements,Capsule,1000IU,248.1,2027-08-07,412,Bayer Egypt,1,0,Cyanocobalamin,Vitamin B12
419,Lisinopril,Lisinopril,Cardiovascular,Extended-Release Tablet,20mg,432.78,2026-08-15,67,Amriya Pharma,1,0,Lisinopril,Lisinopril
420,Ivabradine,Ivabradine,Cardiovascular,Tablet,5mg,446.24,2027-01-31,427,Memphis Pharma,1,0,Ivabradine,Ivabradine
421,Zinc Syrup,Zinc Sulfate,Kids Medications,Syrup,5mg/5ml,88.42,2027-07-15,154,Pharco,1,0,Zinc Sulfate,Zinc Syrup
422,Ciprofloxacin Eye Drops,Ciprofloxacin,Drops,Eye Drops,5ml,124.54,2025-03-13,154,EIPICO,1,1,Ciprofloxacin,Ciprofloxacin Eye Drops
423,Terbinafine Cream,Terbinafine,Dermatology,Cream,2%,74.53,2025-03-29,75,Pfizer Egypt,1,0,Terbinafine,Terbinafine Cream
424,Methylprednisolone,Methylprednisolone,General,Capsule,10mg,108.79,2027-05-23,172,GSK Egypt,1,0,Methylprednisolone,Methylprednisolone
425,Omeprazole,Omeprazole,Gastrointestinal,Capsule,40mg,187.28,2025-09-27,308,Sanofi Egypt,1,1,Omeprazole,Omeprazole
426,Artificial Tears,Hypromellose,Drops,Nasal Drops,0.50%,159.99,2026-03-06,8,Al Debeiky,1,0,Hypromellose,Artificial Tears
427,Ketorolac,Ketorolac,Painkillers,Injection,100mg,173.86,2026-02-18,152,Pharco,1,0,Ketorolac,Ketorolac
428,Sucralfate,Sucralfate,Gastrointestinal,Tablet,5mg,197.41,2026-05-07,365,Tabuk Egypt,1,0,Sucralfate,Sucralfate
429,Clarithromycin,Clarithromycin,Antibiotics,Powder for Injection,125mg/5ml,312.77,2026-07-25,87,Novartis Egypt,1,0,Clarithromycin,Clarithromycin
430,ORS Sachets,Oral Rehydration Salts,Kids Medications,Drops,250mg/5ml,44.04,2025-12-19,221,Sanofi Egypt,1,0,Oral Rehydration Salts,ORS Sachets
431,Oxytocin,Oxytocin,Women Health,Patch,2mg,236.61,2026-02-17,359,Pfizer Egypt,1,0,Oxytocin,Oxytocin
432,Domperidone,Domperidone,Gastrointestinal,Sachet,1g,58.76,2027-07-31,98,Sanofi Egypt,1,1,Domperidone,Domperidone
433,Cold & Flu Combo,Paracetamol/Pseudoephedrine,Cough & Cold,Lozenges,30mg,123,2026-07-30,204,Al Debeiky,1,0,Paracetamol/Pseudoephedrine,Cold & Flu Combo
434,Hyoscine,Hyoscine Butylbromide,Gastrointestinal,Suspension,10mg,152.69,2026-03-03,481,Pfizer Egypt,1,0,Hyoscine Butylbromide,Hyoscine
435,Simethicone Drops,Simethicone,Kids Medications,Drops,250mg/5ml,125.24,2026-03-22,483,Global Napi,1,0,Simethicone,Simethicone Drops
436,Coal Tar Shampoo,Coal Tar,Dermatology,Shampoo,0.10%,175.47,2027-09-05,9,Sigma Pharma,1,0,Coal Tar,Coal Tar Shampoo
437,Bisoprolol,Bisoprolol,Cardiovascular,Capsule,25mg,128.44,2026-01-06,489,Tabuk Egypt,1,0,Bisoprolol,Bisoprolol
438,Trimethoprim/Sulfamethoxazole,Co-trimoxazole,Antibiotics,Capsule,1g,310.94,2026-09-16,376,Pharco,1,0,Co-trimoxazole,Trimethoprim/Sulfamethoxazole
439,Vitamin C,Ascorbic Acid,Vitamins & Supplements,Tablet,25mcg,176.03,2027-09-26,308,GSK Egypt,1,1,Ascorbic Acid,Vitamin C
440,Metronidazole Gel,Metronidazole,Women Health,Tablet,150mcg/30mcg,228.69,2027-03-11,242,Sigma Pharma,1,0,Metronidazole,Metronidazole Gel
441,Gabapentin,Gabapentin,Painkillers,Patch,100mg,298.66,2026-05-06,356,Al Debeiky,1,0,Gabapentin,Gabapentin
442,Vitamin D3,Cholecalciferol,Vitamins & Supplements,Sachet,25mcg,184.8,2027-01-19,38,Mina Pharm,1,1,Cholecalciferol,Vitamin D3
443,Levofloxacin,Levofloxacin,Antibiotics,Capsule,50mg/ml,201.93,2027-09-14,225,Hikma Egypt,1,0,Levofloxacin,Tavanic
444,Betamethasone Cream,Betamethasone,Dermatology,Cream,0.05%,38.02,2027-01-09,234,Mina Pharm,1,0,Betamethasone,Betamethasone Cream
445,Multivitamin,Multivitamin,Vitamins & Supplements,Softgel,500mg,20.03,2025-04-09,472,Tabuk Egypt,1,0,Multivitamin,Multivitamin
446,Colchicine,Colchicine,General,Tablet,40mg,150.1,2025-08-17,189,Sigma Pharma,1,0,Colchicine,Colchicine
447,Vicks VapoRub,Camphor/Menthol,Cough & Cold,Nasal Spray,60mg,167.57,2026-07-07,43,EIPICO,1,0,Camphor/Menthol,Vicks VapoRub
448,Simvastatin,Simvastatin,Cardiovascular,Capsule,10mg,360.54,2027-04-21,173,Global Napi,1,0,Simvastatin,Simvastatin
449,Morphine,Morphine Sulfate,Painkillers,Injection,10mg,177.66,2026-12-16,405,GSK Egypt,1,0,Morphine Sulfate,Morphine
450,Ramipril,Ramipril,Cardiovascular,Extended-Release Tablet,1mg,268.86,2026-03-09,128,Sanofi Egypt,1,0,Ramipril,Tritace
451,Permethrin Cream,Permethrin,Dermatology,Cream,0.50%,273.91,2025-04-01,109,Al Debeiky,1,0,Permethrin,Permethrin Cream
452,Vitamin D Drops,Cholecalciferol,Kids Medications,Drops,100mg/5ml,136.64,2026-02-13,158,Novartis Egypt,1,0,Cholecalciferol,Vitamin D Drops
453,Vitamin B6,Pyridoxine,Vitamins & Supplements,Effervescent Tablet,500mg,255.69,2025-12-01,103,Eva Pharma,1,0,Pyridoxine,Vitamin B6
454,Hydrocortisone Cream,Hydrocortisone,Dermatology,Cream,0.10%,309.82,2027-05-29,395,Al Debeiky,1,0,Hydrocortisone,Hydrocortisone Cream
455,Budesonide Nasal,Budesonide,Cough & Cold,Nasal Spray,60mg,21.27,2026-03-08,241,Sigma Pharma,1,0,Budesonide,Budesonide Nasal
456,Warfarin,Warfarin Sodium,General,Film-Coated Tablet,40mg,232.34,2025-07-31,382,Medical Union,1,0,Warfarin Sodium,Warfarin
457,Azithromycin,Azithromycin,Antibiotics,Powder for Injection,875/125mg,190.29,2025-11-23,22,Bayer Egypt,1,1,Azithromycin,Azithromycin
458,Cefixime,Cefixime,Antibiotics,Tablet,1g,40.02,2025-08-21,283,Global Napi,1,0,Cefixime,Cefixime
459,Iron Drops,Ferrous Sulfate,Kids Medications,Drops,10mg/ml,59.36,2025-09-17,299,Memphis Pharma,1,0,Ferrous Sulfate,Iron Drops
460,Azithromycin Suspension,Azithromycin,Kids Medications,Syrup,5mg/5ml,135.55,2025-12-04,227,Bayer Egypt,1,1,Azithromycin,Azithromycin Suspension
461,Ketoconazole Shampoo,Ketoconazole,Dermatology,Shampoo,0.10%,240.88,2027-09-17,448,Memphis Pharma,1,0,Ketoconazole,Nizoral
462,Promethazine,Promethazine,Antihistamines,Syrup,25mg,29.63,2027-09-09,201,Pharco,1,0,Promethazine,Promethazine
463,Xylometazoline,Xylometazoline,Cough & Cold,Syrup,0.10%,146.23,2026-02-27,159,CID Pharma,1,0,Xylometazoline,Xylometazoline
464,Rifampicin,Rifampicin,Antibiotics,Capsule,200mg,220.87,2026-11-21,489,AstraZeneca Egypt,1,0,Rifampicin,Rifampicin
465,Paracetamol 1g,Paracetamol,Painkillers,Tablet,25mg,237.68,2026-10-23,422,EIPICO,1,1,Paracetamol,Panadol
466,Clobetasol Cream,Clobetasol,Dermatology,Cream,1%,46.88,2027-02-02,63,Medical Union,1,0,Clobetasol,Clobetasol Cream
467,Chlorpheniramine,Chlorpheniramine,Antihistamines,Tablet,180mg,46.31,2025-08-16,345,Sigma Pharma,1,0,Chlorpheniramine,Chlorpheniramine
468,Ezetimibe,Ezetimibe,Cardiovascular,Tablet,1mg,135.86,2025-08-09,238,Memphis Pharma,1,0,Ezetimibe,Ezetimibe
469,Meloxicam,Meloxicam,Painkillers,Injection,75mg,112.35,2025-12-06,27,Sigma Pharma,1,0,Meloxicam,Meloxicam
470,Domperidone,Domperidone,Gastrointestinal,Suspension,5mg,74.05,2026-11-11,38,CID Pharma,1,1,Domperidone,Domperidone
471,Diclofenac 50mg,Diclofenac Sodium,Painkillers,Extended-Release Tablet,500mg,23.47,2027-05-15,259,Bayer Egypt,1,0,Diclofenac Sodium,Voltaren
472,Collagen,Hydrolyzed Collagen,Vitamins & Supplements,Tablet,1000IU,190.07,2025-03-07,106,Medical Union,1,0,Hydrolyzed Collagen,Collagen
473,Estradiol Patch,Estradiol,Women Health,Patch,1.5mg,231.44,2026-09-13,494,AstraZeneca Egypt,1,0,Estradiol,Estradiol Patch
474,Salbutamol Inhaler,Salbutamol,Cough & Cold,Nasal Spray,0.10%,73.11,2026-12-31,145,Pharco,1,1,Salbutamol,Salbutamol Inhaler
475,Finasteride,Finasteride,General,Tablet,50mg,19.83,2026-10-13,432,Tabuk Egypt,1,0,Finasteride,Proscar
476,Betamethasone Cream,Betamethasone,Dermatology,Cream,10%,92.01,2026-06-22,272,Sigma Pharma,1,0,Betamethasone,Betamethasone Cream
477,Ipratropium Inhaler,Ipratropium,Cough & Cold,Syrup,30mg,98.32,2026-12-29,454,CID Pharma,1,0,Ipratropium,Ipratropium Inhaler
478,Progesterone Vaginal,Micronized Progesterone,Women Health,Capsule,5mg,94.54,2026-08-09,181,Novartis Egypt,1,0,Micronized Progesterone,Progesterone Vaginal
479,Levothyroxine,Levothyroxine,General,Tablet,100mg,220.73,2027-06-08,447,Eva Pharma,1,0,Levothyroxine,Eltroxin
480,Montelukast,Montelukast,Cough & Cold,Tablet,6mg,48.83,2026-08-30,300,Novartis Egypt,1,0,Montelukast,Montelukast
481,Pioglitazone,Pioglitazone,Antidiabetics,Film-Coated Tablet,5mg,509.43,2027-02-19,428,October Pharma,1,0,Pioglitazone,Actos
482,Prednisolone Eye Drops,Prednisolone,Drops,Eye Drops,5ml,71.99,2026-09-30,243,Bayer Egypt,1,0,Prednisolone,Prednisolone Eye Drops
483,Semaglutide,Semaglutide,Antidiabetics,Extended-Release Tablet,1.34mg/ml,165.03,2027-06-20,307,AstraZeneca Egypt,1,1,Semaglutide,Ozempic
484,Insulin Lispro,Insulin Lispro,Antidiabetics,Injection,1000mg,287.1,2026-03-22,500,AstraZeneca Egypt,1,0,Insulin Lispro,Humalog
485,Iron Supplement,Ferrous Sulfate,Vitamins & Supplements,Capsule,1000IU,201.27,2027-01-18,340,Medical Union,1,0,Ferrous Sulfate,Iron Supplement
486,Omeprazole,Omeprazole,Gastrointestinal,Tablet,1g,193.42,2025-09-24,202,AstraZeneca Egypt,1,1,Omeprazole,Omeprazole
487,Paracetamol 500mg,Paracetamol,Painkillers,Capsule,200mg,23.37,2025-10-06,471,Mina Pharm,1,1,Paracetamol,Panadol
488,Azithromycin Suspension,Azithromycin,Kids Medications,Syrup,5mg/5ml,182.11,2025-02-22,117,Pharco,1,1,Azithromycin,Azithromycin Suspension
489,Morphine,Morphine Sulfate,Painkillers,Patch,400mg,215.97,2027-01-21,370,EIPICO,1,0,Morphine Sulfate,Morphine
490,Amikacin,Amikacin,Antibiotics,Powder for Injection,50mg/ml,279.28,2026-06-10,228,EIPICO,1,0,Amikacin,Amikacin
491,Olopatadine Eye Drops,Olopatadine,Drops,Eye Drops,5ml,246.08,2025-07-30,136,Medical Union,1,0,Olopatadine,Olopatadine Eye Drops
492,Gripe Water,Dill Oil/Sodium Bicarbonate,Kids Medications,Suspension,5mg/5ml,154.69,2025-09-22,50,Mina Pharm,1,0,Dill Oil/Sodium Bicarbonate,Gripe Water
493,Augmentin,Amoxicillin/Clavulanate,Antibiotics,Powder for Injection,500mg,246.63,2026-04-27,426,October Pharma,1,1,Amoxicillin/Clavulanate,Augmentin
494,Folic Acid,Folic Acid,Vitamins & Supplements,Capsule,100mg,140.85,2025-05-23,235,Amriya Pharma,1,0,Folic Acid,Folicap
495,Vildagliptin,Vildagliptin,Antidiabetics,Extended-Release Tablet,1.34mg/ml,437.34,2026-01-28,130,Global Napi,1,0,Vildagliptin,Vildagliptin
496,Tobramycin Eye Drops,Tobramycin,Drops,Eye Drops,0.50%,228.64,2026-11-29,388,Sanofi Egypt,1,0,Tobramycin,Tobramycin Eye Drops
497,Codeine,Codeine Phosphate,Painkillers,Patch,400mg,21.19,2025-05-03,138,Amriya Pharma,1,0,Codeine Phosphate,Codeine
498,Metformin,Metformin,Antidiabetics,Injection,10mg,586.98,2026-03-31,284,October Pharma,1,1,Metformin,Glucophage
499,Indomethacin,Indomethacin,Painkillers,Extended-Release Tablet,200mg,188.93,2026-04-06,78,Memphis Pharma,1,0,Indomethacin,Indomethacin
500,Amoxicillin,Amoxicillin,Antibiotics,Tablet,875/125mg,250.07,2025-11-23,205,Global Napi,1,1,Amoxicillin,Amoxicillin
501,Omega-3,Fish Oil,Vitamins & Supplements,Effervescent Tablet,100mg,120.58,2025-02-14,86,October Pharma,1,0,Fish Oil,Omega-3
502,Glibenclamide,Glibenclamide,Antidiabetics,Extended-Release Tablet,1.34mg/ml,408.1,2026-12-16,476,Eva Pharma,1,0,Glibenclamide,Glibenclamide
503,Dexamethasone,Dexamethasone,General,Capsule,500mg,194.47,2027-09-19,280,Al Debeiky,1,0,Dexamethasone,Dexamethasone
504,Ivabradine,Ivabradine,Cardiovascular,Injection,40mg,488.21,2027-09-30,4,Pfizer Egypt,1,0,Ivabradine,Ivabradine
505,Simvastatin,Simvastatin,Cardiovascular,Tablet,100mg,323.29,2027-01-22,144,Eva Pharma,1,0,Simvastatin,Simvastatin
506,Fluconazole,Fluconazole,Antibiotics,Injection,1g,335.62,2026-04-30,291,Bayer Egypt,1,0,Fluconazole,Fluconazole
507,Digoxin,Digoxin,Cardiovascular,Sublingual Tablet,50mg,457.35,2026-06-14,416,Bayer Egypt,1,0,Digoxin,Digoxin
508,Guaifenesin,Guaifenesin,Cough & Cold,Syrup,0.10%,41.19,2027-01-30,166,Pharco,1,0,Guaifenesin,Guaifenesin
509,Olopatadine Eye Drops,Olopatadine,Drops,Eye Drops,0.50%,44.06,2027-09-20,292,Medical Union,1,0,Olopatadine,Olopatadine Eye Drops
510,Loratadine,Loratadine,Antihistamines,Tablet,10mg,160.49,2025-03-28,422,Sigma Pharma,1,1,Loratadine,Loratadine
511,ORS,Oral Rehydration Salts,Gastrointestinal,Syrup,10mg,134.96,2027-06-26,337,Novartis Egypt,1,0,Oral Rehydration Salts,ORS
512,Pantoprazole,Pantoprazole,Gastrointestinal,Suspension,5mg,52.85,2027-06-14,478,Hikma Egypt,1,1,Pantoprazole,Pantoprazole
513,Nifedipine,Nifedipine,Cardiovascular,Capsule,40mg,488.61,2026-09-25,360,Eva Pharma,1,0,Nifedipine,Nifedipine
514,Levocetirizine,Levocetirizine,Antihistamines,Film-Coated Tablet,1mg,85.51,2027-03-20,36,Pharco,1,0,Levocetirizine,Xyzal
515,Lisinopril,Lisinopril,Cardiovascular,Extended-Release Tablet,100mg,63.69,2027-08-05,404,CID Pharma,1,0,Lisinopril,Lisinopril
516,Domperidone Suspension,Domperidone,Kids Medications,Syrup,250mg/5ml,102.91,2026-04-10,299,Sigma Pharma,1,1,Domperidone,Domperidone Suspension
517,Permethrin Cream,Permethrin,Dermatology,Cream,2.50%,294.94,2025-05-27,480,Sigma Pharma,1,0,Permethrin,Permethrin Cream
518,Ear Wax Softener,Docusate Sodium,Drops,Eye Drops,1%,57.51,2025-08-24,262,Al Debeiky,1,0,Docusate Sodium,Ear Wax Softener
519,Zinc Oxide Cream,Zinc Oxide,Dermatology,Cream,1%,77.68,2026-07-05,314,Sigma Pharma,1,0,Zinc Oxide,Zinc Oxide Cream
520,Ipratropium Inhaler,Ipratropium,Cough & Cold,Nasal Spray,0.10%,23.24,2027-02-16,115,AstraZeneca Egypt,1,0,Ipratropium,Ipratropium Inhaler
521,Domperidone,Domperidone,Gastrointestinal,Syrup,15mlsachet,188.86,2026-07-30,188,Memphis Pharma,1,1,Domperidone,Domperidone
522,Vitamin D Drops,Cholecalciferol,Kids Medications,Drops,200mg/5ml,184.4,2025-07-05,259,Al Debeiky,1,0,Cholecalciferol,Vitamin D Drops
523,Ear Wax Softener,Docusate Sodium,Drops,Eye Drops,0.10%,142.16,2027-06-25,226,Pharco,1,0,Docusate Sodium,Ear Wax Softener
524,Furosemide,Furosemide,General,Film-Coated Tablet,200mg,133.42,2026-04-29,152,Global Napi,1,0,Furosemide,Furosemide
525,Vicks VapoRub,Camphor/Menthol,Cough & Cold,Sachet,15mg/5ml,29.79,2025-04-06,274,Novartis Egypt,1,0,Camphor/Menthol,Vicks VapoRub
526,Multivitamin,Multivitamin,Vitamins & Supplements,Effervescent Tablet,500mg,154.38,2026-09-25,27,Global Napi,1,0,Multivitamin,Multivitamin
527,Montelukast,Montelukast,Cough & Cold,Nasal Spray,15mg/5ml,151.57,2025-10-03,66,Sanofi Egypt,1,0,Montelukast,Montelukast
528,Xylometazoline Drops,Xylometazoline,Drops,Drops,0.50%,175.93,2026-12-13,226,Memphis Pharma,1,0,Xylometazoline,Xylometazoline Drops
529,Sitagliptin,Sitagliptin,Antidiabetics,Injection,500mg,83.39,2025-10-02,302,Al Debeiky,1,0,Sitagliptin,Januvia
530,Estradiol Patch,Estradiol,Women Health,Vaginal Tablet,500mcg,130.8,2025-04-28,403,Medical Union,1,0,Estradiol,Estradiol Patch
531,Tretinoin,Tretinoin,Dermatology,Solution,0.10%,256.1,2026-01-01,169,Tabuk Egypt,1,0,Tretinoin,Tretinoin
532,Nystatin Oral Drops,Nystatin,Kids Medications,Drops,100mg/5ml,30.73,2027-02-24,98,EIPICO,1,0,Nystatin,Nystatin Oral Drops
533,Empagliflozin,Empagliflozin,Antidiabetics,Pen Injector,25mg,425.65,2025-05-21,12,Global Napi,1,0,Empagliflozin,Empagliflozin
534,Cefixime,Cefixime,Antibiotics,Suspension,500mg,180.25,2025-10-19,331,Mina Pharm,1,0,Cefixime,Cefixime
535,ORS Sachets,Oral Rehydration Salts,Kids Medications,Syrup,10mg/ml,97.34,2026-01-09,69,AstraZeneca Egypt,1,0,Oral Rehydration Salts,ORS Sachets
536,Domperidone,Domperidone,Gastrointestinal,Suppository,40mg,44.8,2027-08-09,125,EIPICO,1,1,Domperidone,Domperidone
537,Atorvastatin,Atorvastatin,Cardiovascular,Extended-Release Tablet,1mg,168.4,2025-02-05,296,Sigma Pharma,1,1,Atorvastatin,Atorvastatin
538,Insulin Glargine,Insulin Glargine,Antidiabetics,Injection,850mg,439.53,2027-01-13,381,Bayer Egypt,1,1,Insulin Glargine,Lantus
539,Saline Nasal Spray,Sodium Chloride,Cough & Cold,Nasal Spray,60mg,51.78,2026-12-14,374,October Pharma,1,0,Sodium Chloride,Saline Nasal Spray
540,Montelukast Granules,Montelukast,Kids Medications,Sachet,10mg/ml,92.01,2025-08-27,57,EIPICO,1,0,Montelukast,Montelukast Granules
541,Gabapentin,Gabapentin,Painkillers,Injection,25mg,288.19,2026-05-23,408,Medical Union,1,0,Gabapentin,Gabapentin
542,Atenolol,Atenolol,Cardiovascular,Injection,10mg,116.35,2027-08-06,115,Pharco,1,0,Atenolol,Atenolol
543,Adapalene,Adapalene,Dermatology,Ointment,1%,306.84,2027-09-07,363,AstraZeneca Egypt,1,0,Adapalene,Adapalene
544,Domperidone Suspension,Domperidone,Kids Medications,Syrup,100mg/5ml,44.79,2025-04-02,407,Global Napi,1,1,Domperidone,Domperidone Suspension
545,Clopidogrel,Clopidogrel,Cardiovascular,Extended-Release Tablet,2.5mg,306.47,2025-11-21,371,Bayer Egypt,1,1,Clopidogrel,Clopidogrel
546,Furosemide,Furosemide,General,Tablet,5mg,134.34,2025-10-26,147,Novartis Egypt,1,0,Furosemide,Furosemide
547,NPH Insulin,Isophane Insulin,Antidiabetics,Injection,500mg,517.03,2025-11-09,364,Sanofi Egypt,1,0,Isophane Insulin,Insulatard
548,Nystatin Oral Drops,Nystatin,Kids Medications,Drops,120mg/5ml,119.76,2027-01-19,467,Sanofi Egypt,1,0,Nystatin,Nystatin Oral Drops
549,Gentamicin Ear Drops,Gentamicin,Drops,Drops,0.50%,201.81,2026-03-13,349,Mina Pharm,1,0,Gentamicin,Garamycin
550,Amlodipine,Amlodipine,Cardiovascular,Tablet,2.5mg,126.83,2027-10-07,254,Medical Union,1,1,Amlodipine,Norvasc
551,Antacid,Aluminum/Magnesium Hydroxide,Gastrointestinal,Suppository,15mlsachet,185.43,2025-10-25,45,Eva Pharma,1,0,Aluminum/Magnesium Hydroxide,Antacid
552,Montelukast,Montelukast,Cough & Cold,Nasal Spray,30mg,133.96,2025-07-04,225,Sanofi Egypt,1,0,Montelukast,Montelukast
553,Codeine,Codeine Phosphate,Painkillers,Patch,25mg,113.2,2027-02-03,289,GSK Egypt,1,0,Codeine Phosphate,Codeine
554,Zinc Oxide Cream,Zinc Oxide,Dermatology,Cream,2%,51.68,2026-03-03,306,EIPICO,1,0,Zinc Oxide,Zinc Oxide Cream
555,Miconazole Cream,Miconazole,Dermatology,Cream,0.10%,290.95,2025-04-04,370,Mina Pharm,1,0,Miconazole,Miconazole Cream
556,Vitamin K,Phytonadione,Vitamins & Supplements,Effervescent Tablet,500mg,98.62,2027-06-22,423,Pfizer Egypt,1,0,Phytonadione,Vitamin K
557,Tramadol 100mg,Tramadol HCl,Painkillers,Patch,50mg,56.85,2026-05-29,357,EIPICO,1,0,Tramadol HCl,Tramadol 100mg
558,Levothyroxine,Levothyroxine,General,Injection,40mg,16.33,2026-01-03,73,Novartis Egypt,1,0,Levothyroxine,Eltroxin
559,Pantoprazole,Pantoprazole,Gastrointestinal,Tablet,5mg,138.43,2027-09-09,196,AstraZeneca Egypt,1,1,Pantoprazole,Pantoprazole
560,Prednisolone Eye Drops,Prednisolone,Drops,Eye Drops,3ml,220.15,2026-03-27,206,Novartis Egypt,1,0,Prednisolone,Prednisolone Eye Drops
561,Enalapril,Enalapril,Cardiovascular,Tablet,40mg,361.15,2027-05-01,36,Hikma Egypt,1,0,Enalapril,Enalapril
562,Ondansetron Syrup,Ondansetron,Kids Medications,Syrup,10mg/ml,84.18,2026-07-23,420,Sanofi Egypt,1,1,Ondansetron,Ondansetron Syrup
563,Ondansetron,Ondansetron,Gastrointestinal,Capsule,30mg,71.65,2027-03-15,369,Sanofi Egypt,1,1,Ondansetron,Ondansetron
564,Salbutamol Nebules,Salbutamol,Kids Medications,Sachet,120mg/5ml,121.84,2026-05-06,430,Mina Pharm,1,0,Salbutamol,Salbutamol Nebules
565,Coenzyme Q10,Ubiquinone,Vitamins & Supplements,Sachet,50000IU,251.38,2027-06-21,161,Memphis Pharma,1,0,Ubiquinone,Coenzyme Q10
566,Paracetamol Syrup,Paracetamol,Kids Medications,Syrup,100mg/5ml,94.65,2025-09-02,418,Bayer Egypt,1,1,Paracetamol,Panadol
567,Tamoxifen,Tamoxifen,General,Injection,5mg,109.96,2027-03-24,226,Novartis Egypt,1,0,Tamoxifen,Tamoxifen
568,Ibuprofen,Ibuprofen,General,Injection,10mg,15.85,2026-06-28,209,Mina Pharm,1,1,Ibuprofen,Brufen
569,Clopidogrel,Clopidogrel,Cardiovascular,Extended-Release Tablet,1mg,65.98,2025-09-15,472,Memphis Pharma,1,1,Clopidogrel,Clopidogrel
570,Celecoxib,Celecoxib,Painkillers,Tablet,25mg,298.05,2027-04-15,127,Eva Pharma,1,0,Celecoxib,Celebrex
571,Tacrolimus Ointment,Tacrolimus,Dermatology,Ointment,0.50%,123.27,2025-04-22,421,Medical Union,1,0,Tacrolimus,Tacrolimus Ointment
572,Diphenhydramine,Diphenhydramine,Antihistamines,Film-Coated Tablet,5mg/5ml,115.14,2026-03-08,174,October Pharma,1,0,Diphenhydramine,Benadryl
573,Ketoconazole Shampoo,Ketoconazole,Dermatology,Shampoo,2.50%,282.3,2026-04-08,103,Memphis Pharma,1,0,Ketoconazole,Nizoral
574,Glimepiride,Glimepiride,Antidiabetics,Pen Injector,1000mg,233.81,2027-01-16,36,Pharco,1,0,Glimepiride,Glimepiride
575,Nitroglycerin,Glyceryl Trinitrate,Cardiovascular,Sublingual Tablet,25mg,388.07,2026-05-19,51,Bayer Egypt,1,0,Glyceryl Trinitrate,Nitroglycerin
576,Dulaglutide,Dulaglutide,Antidiabetics,Film-Coated Tablet,10mcg,299.87,2026-02-19,36,GSK Egypt,1,0,Dulaglutide,Trulicity
577,Iron Drops,Ferrous Sulfate,Kids Medications,Drops,100mg/5ml,124.76,2027-05-09,23,Al Debeiky,1,0,Ferrous Sulfate,Iron Drops
578,Trimethoprim/Sulfamethoxazole,Co-trimoxazole,Antibiotics,Suspension,875/125mg,295.07,2027-02-16,195,Memphis Pharma,1,0,Co-trimoxazole,Trimethoprim/Sulfamethoxazole
579,Mesalazine,Mesalazine,Gastrointestinal,Sachet,5mg,160.4,2026-04-05,104,Novartis Egypt,1,0,Mesalazine,Mesalazine
580,Ibuprofen Syrup,Ibuprofen,Kids Medications,Syrup,10mg/ml,123.13,2027-01-03,477,Amriya Pharma,1,1,Ibuprofen,Brufen
581,Cefixime,Cefixime,Antibiotics,Tablet,50mg/ml,190.03,2026-05-08,169,October Pharma,1,0,Cefixime,Cefixime
582,Acyclovir,Acyclovir,Antibiotics,Injection,125mg/5ml,201.65,2027-04-07,132,AstraZeneca Egypt,1,0,Acyclovir,Acyclovir
583,Chlorpheniramine,Chlorpheniramine,Antihistamines,Film-Coated Tablet,5mg/5ml,98.04,2027-07-12,95,Al Debeiky,1,0,Chlorpheniramine,Chlorpheniramine
584,Antacid,Aluminum/Magnesium Hydroxide,Gastrointestinal,Sachet,15mlsachet,62.35,2025-03-29,14,Sanofi Egypt,1,0,Aluminum/Magnesium Hydroxide,Antacid
585,Zinc,Zinc Sulfate,Vitamins & Supplements,Tablet,50000IU,81.58,2025-11-28,403,Medical Union,1,0,Zinc Sulfate,Zinc
586,Olopatadine,Olopatadine,Antihistamines,Syrup,5mg/5ml,59.27,2025-04-01,216,October Pharma,1,0,Olopatadine,Olopatadine
587,Biotin,Biotin,Vitamins & Supplements,Capsule,200mg,155.4,2025-10-27,39,Medical Union,1,0,Biotin,Biotin
588,Canagliflozin,Canagliflozin,Antidiabetics,Pen Injector,1.34mg/ml,165.17,2027-01-02,369,AstraZeneca Egypt,1,0,Canagliflozin,Canagliflozin
589,Amoxicillin,Amoxicillin,Antibiotics,Injection,400mg,183.42,2026-08-24,368,Eva Pharma,1,1,Amoxicillin,Amoxicillin
590,Cold & Flu Combo,Paracetamol/Pseudoephedrine,Cough & Cold,Sachet,60mg,21.79,2025-11-28,212,Memphis Pharma,1,0,Paracetamol/Pseudoephedrine,Cold & Flu Combo
591,Furosemide,Furosemide,General,Tablet,500mg,249.36,2027-05-31,104,Al Debeiky,1,0,Furosemide,Furosemide
592,Empagliflozin,Empagliflozin,Antidiabetics,Pen Injector,25mg,222.25,2025-10-13,475,Bayer Egypt,1,0,Empagliflozin,Empagliflozin
593,Mometasone Nasal,Mometasone,Cough & Cold,Nasal Spray,6mg,65.24,2027-07-24,398,Novartis Egypt,1,0,Mometasone,Mometasone Nasal
594,Simethicone,Simethicone,Gastrointestinal,Tablet,1g,34.43,2026-10-23,11,EIPICO,1,0,Simethicone,Simethicone
595,Clindamycin,Clindamycin,Antibiotics,Capsule,125mg/5ml,111.28,2027-08-28,200,Novartis Egypt,1,0,Clindamycin,Clindamycin
596,Pseudoephedrine,Pseudoephedrine,Cough & Cold,Sachet,100mg,43.21,2026-06-05,313,Bayer Egypt,1,0,Pseudoephedrine,Pseudoephedrine
597,Morphine,Morphine Sulfate,Painkillers,Suppository,400mg,243.53,2025-01-31,286,Bayer Egypt,1,0,Morphine Sulfate,Morphine
598,Montelukast,Montelukast,Cough & Cold,Sachet,15mg/5ml,36.42,2026-05-23,310,CID Pharma,1,0,Montelukast,Montelukast
599,Xylometazoline,Xylometazoline,Cough & Cold,Syrup,15mg/5ml,125.09,2027-09-04,328,Amriya Pharma,1,0,Xylometazoline,Xylometazoline
600,Gentamicin Eye Drops,Gentamicin,Drops,Eye Drops,0.50%,90.5,2025-12-30,239,Sanofi Egypt,1,0,Gentamicin,Garamycin
601,Azelastine Nasal,Azelastine,Antihistamines,Nasal Spray,180mg,106.07,2027-07-03,143,Amriya Pharma,1,0,Azelastine,Azelastine Nasal
602,Simethicone,Simethicone,Gastrointestinal,Suppository,5mg,109.45,2025-04-08,27,Amriya Pharma,1,0,Simethicone,Simethicone
603,Olopatadine,Olopatadine,Antihistamines,Tablet,180mg,190.34,2027-05-18,25,Mina Pharm,1,0,Olopatadine,Olopatadine
604,Nitrofurantoin,Nitrofurantoin,Antibiotics,Capsule,1g,160.57,2026-06-08,380,Global Napi,1,0,Nitrofurantoin,Nitrofurantoin
605,Biotin,Biotin,Vitamins & Supplements,Effervescent Tablet,25mcg,69.11,2025-06-16,192,Al Debeiky,1,0,Biotin,Biotin
606,Ketotifen,Ketotifen,Antihistamines,Capsule,5mg/5ml,56.16,2027-02-01,122,Global Napi,1,0,Ketotifen,Ketotifen
607,Metoclopramide,Metoclopramide,Gastrointestinal,Sachet,15mlsachet,61.01,2025-08-26,300,Novartis Egypt,1,0,Metoclopramide,Metoclopramide
608,Glimepiride,Glimepiride,Antidiabetics,Film-Coated Tablet,1000mg,263.87,2025-11-21,47,AstraZeneca Egypt,1,0,Glimepiride,Glimepiride
609,Saline Nasal Spray,Sodium Chloride,Cough & Cold,Nasal Spray,15mg/5ml,133.91,2025-12-09,372,Pfizer Egypt,1,0,Sodium Chloride,Saline Nasal Spray
610,Tamoxifen,Tamoxifen,General,Injection,250mg,23.25,2026-10-12,385,CID Pharma,1,0,Tamoxifen,Tamoxifen
611,Morphine,Morphine Sulfate,Painkillers,Extended-Release Tablet,50mg,284.92,2025-05-08,264,Global Napi,1,0,Morphine Sulfate,Morphine
612,Olopatadine Eye Drops,Olopatadine,Drops,Eye Drops,0.30%,105.94,2026-07-02,337,Pfizer Egypt,1,0,Olopatadine,Olopatadine Eye Drops
613,Ebastine,Ebastine,Antihistamines,Tablet,5mg/5ml,104.72,2027-01-26,116,Amriya Pharma,1,0,Ebastine,Kestine
614,Magnesium Sulfate,Magnesium Sulfate,Women Health,Capsule,5mg,305.43,2027-03-04,396,Bayer Egypt,1,0,Magnesium Sulfate,Magnesium Sulfate
615,Cetirizine Syrup,Cetirizine,Kids Medications,Syrup,200mg/5ml,188.04,2026-07-12,394,Sigma Pharma,1,1,Cetirizine,Cetirizine Syrup
616,Gliclazide,Gliclazide,Antidiabetics,Tablet,100IU/ml,168.27,2026-12-20,161,Mina Pharm,1,0,Gliclazide,Gliclazide
617,Cefixime,Cefixime,Antibiotics,Powder for Injection,250mg,52.09,2025-10-10,423,Medical Union,1,0,Cefixime,Cefixime
618,Permethrin Cream,Permethrin,Dermatology,Cream,5%,189.79,2025-09-05,438,Al Debeiky,1,0,Permethrin,Permethrin Cream
619,Mefenamic Acid,Mefenamic Acid,Painkillers,Suppository,500mg,266.93,2025-04-12,213,Sigma Pharma,1,0,Mefenamic Acid,Mefenamic Acid
620,Metronidazole Suspension,Metronidazole,Kids Medications,Syrup,120mg/5ml,151.48,2025-09-29,198,Global Napi,1,0,Metronidazole,Metronidazole Suspension
621,Amikacin,Amikacin,Antibiotics,Powder for Injection,400mg,317.42,2025-09-27,126,Sigma Pharma,1,0,Amikacin,Amikacin
622,Esomeprazole,Esomeprazole,Gastrointestinal,Sachet,20mg,159.79,2026-01-12,64,Eva Pharma,1,0,Esomeprazole,Esomeprazole
623,Ibuprofen Syrup,Ibuprofen,Kids Medications,Syrup,10mg/ml,96.69,2026-10-20,473,October Pharma,1,1,Ibuprofen,Brufen
624,Esomeprazole,Esomeprazole,Gastrointestinal,Suppository,30mg,61.49,2025-10-02,33,GSK Egypt,1,0,Esomeprazole,Esomeprazole
625,Empagliflozin,Empagliflozin,Antidiabetics,Film-Coated Tablet,10mcg,417.81,2027-05-18,224,Hikma Egypt,1,0,Empagliflozin,Empagliflozin
626,Noscapine,Noscapine,Cough & Cold,Syrup,100mg,64.66,2026-09-29,174,Mina Pharm,1,0,Noscapine,Noscapine
627,Dexamethasone Eye Drops,Dexamethasone,Drops,Eye Drops,2%,196.51,2026-01-30,221,EIPICO,1,0,Dexamethasone,Dexamethasone Eye Drops
628,Pantoprazole,Pantoprazole,Gastrointestinal,Sachet,1g,144.62,2026-10-19,327,Bayer Egypt,1,1,Pantoprazole,Pantoprazole
629,Letrozole,Letrozole,Women Health,Pessary,5mg,108.01,2026-04-07,51,CID Pharma,1,0,Letrozole,Letrozole
630,Levocetirizine,Levocetirizine,Antihistamines,Syrup,1mg,110.8,2026-05-28,272,Memphis Pharma,1,0,Levocetirizine,Xyzal
631,Dulaglutide,Dulaglutide,Antidiabetics,Extended-Release Tablet,850mg,245.33,2025-07-30,142,AstraZeneca Egypt,1,0,Dulaglutide,Trulicity
632,Alendronate,Alendronate,Women Health,Capsule,5mg,245.12,2026-08-28,154,EIPICO,1,0,Alendronate,Alendronate
633,Vitamin B12,Cyanocobalamin,Vitamins & Supplements,Softgel,400IU,279.31,2026-12-14,439,October Pharma,1,0,Cyanocobalamin,Vitamin B12
634,Paracetamol 1g,Paracetamol,Painkillers,Suppository,50mg,79.3,2025-05-15,463,Pfizer Egypt,1,1,Paracetamol,Panadol
635,ORS,Oral Rehydration Salts,Gastrointestinal,Suspension,10mg,41.43,2027-08-15,175,Novartis Egypt,1,0,Oral Rehydration Salts,ORS
636,Gripe Water,Dill Oil/Sodium Bicarbonate,Kids Medications,Syrup,200mg/5ml,171.46,2026-08-29,386,Pharco,1,0,Dill Oil/Sodium Bicarbonate,Gripe Water
637,Brimonidine Eye Drops,Brimonidine,Drops,Eye Drops,10ml,294.45,2025-04-27,369,Hikma Egypt,1,0,Brimonidine,Brimonidine Eye Drops
638,Cyproheptadine,Cyproheptadine,Antihistamines,Syrup,120mg,87.65,2026-10-15,492,EIPICO,1,0,Cyproheptadine,Cyproheptadine
639,Bromhexine,Bromhexine,Cough & Cold,Nasal Spray,15mg/5ml,27.46,2026-12-31,400,Eva Pharma,1,0,Bromhexine,Bromhexine
640,Clotrimazole Pessary,Clotrimazole,Women Health,Patch,500mcg,222.66,2027-09-10,72,Al Debeiky,1,0,Clotrimazole,Clotrimazole Pessary
641,Spironolactone,Spironolactone,General,Tablet,10mg,58.16,2027-08-23,237,Hikma Egypt,1,0,Spironolactone,Aldactone
642,Bilastine,Bilastine,Antihistamines,Tablet,25mg,115.71,2025-05-05,201,GSK Egypt,1,0,Bilastine,Bilastine
643,Nitrofurantoin,Nitrofurantoin,Antibiotics,Injection,875/125mg,146.92,2026-01-13,89,Global Napi,1,0,Nitrofurantoin,Nitrofurantoin
644,Simvastatin,Simvastatin,Cardiovascular,Injection,20mg,42.76,2026-10-18,183,Sigma Pharma,1,0,Simvastatin,Simvastatin
645,Olopatadine Eye Drops,Olopatadine,Drops,Eye Drops,5ml,52.01,2025-03-17,487,Bayer Egypt,1,0,Olopatadine,Olopatadine Eye Drops
646,Fluconazole Vaginal,Fluconazole,Women Health,Pessary,500mcg,312.83,2025-05-28,397,October Pharma,1,0,Fluconazole,Fluconazole Vaginal
647,Insulin Detemir,Insulin Detemir,Antidiabetics,Injection,1000mg,441.05,2026-07-13,350,Sigma Pharma,1,0,Insulin Detemir,Levemir
648,Gentamicin Ear Drops,Gentamicin,Drops,Drops,10ml,46.79,2027-08-09,120,Global Napi,1,0,Gentamicin,Garamycin
649,Trimethoprim/Sulfamethoxazole,Co-trimoxazole,Antibiotics,Powder for Injection,500mg,323.47,2026-12-10,347,GSK Egypt,1,0,Co-trimoxazole,Trimethoprim/Sulfamethoxazole
650,Cetirizine Syrup,Cetirizine,Kids Medications,Syrup,120mg/5ml,124.42,2025-06-16,161,Eva Pharma,1,1,Cetirizine,Cetirizine Syrup
651,Paracetamol Syrup,Paracetamol,Kids Medications,Syrup,200mg/5ml,187.32,2026-07-30,313,GSK Egypt,1,1,Paracetamol,Panadol
652,Ciprofloxacin,Ciprofloxacin,Antibiotics,Capsule,875/125mg,326.25,2025-04-04,132,Amriya Pharma,1,1,Ciprofloxacin,Ciprofloxacin
653,Amoxicillin,Amoxicillin,Antibiotics,Capsule,250mg,292.92,2027-02-01,93,Amriya Pharma,1,1,Amoxicillin,Amoxicillin
654,Sucralfate,Sucralfate,Gastrointestinal,Sachet,500mg,144.9,2026-09-15,366,CID Pharma,1,0,Sucralfate,Sucralfate
655,Paracetamol 500mg,Paracetamol,Painkillers,Capsule,400mg,98.15,2025-08-24,234,October Pharma,1,1,Paracetamol,Panadol
656,Glibenclamide,Glibenclamide,Antidiabetics,Extended-Release Tablet,25mg,460.75,2026-09-01,22,CID Pharma,1,0,Glibenclamide,Glibenclamide
657,Coal Tar Shampoo,Coal Tar,Dermatology,Shampoo,10%,39.65,2025-03-12,167,Hikma Egypt,1,0,Coal Tar,Coal Tar Shampoo
658,Gliclazide,Gliclazide,Antidiabetics,Extended-Release Tablet,10mg,405.67,2026-06-29,196,Tabuk Egypt,1,0,Gliclazide,Gliclazide
659,Misoprostol,Misoprostol,Women Health,Injection,100mg,130.81,2027-10-06,78,Sanofi Egypt,1,0,Misoprostol,Misoprostol
660,Lactulose,Lactulose,Gastrointestinal,Sachet,500mg,92.61,2026-07-21,460,GSK Egypt,1,0,Lactulose,Duphalac
661,Azithromycin,Azithromycin,Antibiotics,Tablet,125mg/5ml,131.35,2026-02-28,90,Pfizer Egypt,1,1,Azithromycin,Azithromycin
662,Indomethacin,Indomethacin,Painkillers,Suppository,75mg,250.48,2026-06-27,5,Hikma Egypt,1,0,Indomethacin,Indomethacin
663,Indomethacin,Indomethacin,Painkillers,Suppository,400mg,128.92,2027-08-05,343,GSK Egypt,1,0,Indomethacin,Indomethacin
664,Gentamicin Eye Drops,Gentamicin,Drops,Eye Drops,0.50%,130.21,2025-11-29,478,AstraZeneca Egypt,1,0,Gentamicin,Garamycin
665,Latanoprost Eye Drops,Latanoprost,Drops,Eye Drops,0.01%,170.62,2025-05-30,459,Amriya Pharma,1,0,Latanoprost,Latanoprost Eye Drops
666,Metronidazole Suspension,Metronidazole,Kids Medications,Syrup,200mg/5ml,190.94,2025-10-25,178,GSK Egypt,1,0,Metronidazole,Metronidazole Suspension
667,ORS Sachets,Oral Rehydration Salts,Kids Medications,Granules,10mg/ml,73.19,2025-03-19,14,Global Napi,1,0,Oral Rehydration Salts,ORS Sachets
668,Famotidine,Famotidine,Gastrointestinal,Suspension,1g,115.88,2026-01-16,296,Mina Pharm,1,0,Famotidine,Famotidine
669,Domperidone Suspension,Domperidone,Kids Medications,Syrup,5mg/5ml,24.36,2025-04-23,66,Amriya Pharma,1,1,Domperidone,Domperidone Suspension
670,Rosuvastatin,Rosuvastatin,Cardiovascular,Tablet,2.5mg,161.58,2027-06-27,34,Pharco,1,0,Rosuvastatin,Crestor
671,Amlodipine,Amlodipine,Cardiovascular,Extended-Release Tablet,5mg,110.06,2027-07-03,495,GSK Egypt,1,1,Amlodipine,Norvasc
672,Ursodeoxycholic Acid,UDCA,Gastrointestinal,Capsule,40mg,95.05,2026-03-13,133,GSK Egypt,1,0,UDCA,Ursodeoxycholic Acid
673,Artificial Tears,Hypromellose,Drops,Eye Drops,3ml,276.99,2027-07-01,154,Novartis Egypt,1,0,Hypromellose,Artificial Tears
674,Clindamycin Gel,Clindamycin,Dermatology,Ointment,0.03%,111.49,2027-06-19,197,Al Debeiky,1,0,Clindamycin,Clindamycin Gel
675,Gabapentin,Gabapentin,Painkillers,Patch,400mg,42.42,2026-07-16,20,GSK Egypt,1,0,Gabapentin,Gabapentin
676,Montelukast,Montelukast,Cough & Cold,Lozenges,30mg,162.06,2027-06-07,235,Mina Pharm,1,0,Montelukast,Montelukast
677,Salbutamol Nebules,Salbutamol,Kids Medications,Chewable Tablet,10mg/ml,45.47,2026-03-15,99,Mina Pharm,1,0,Salbutamol,Salbutamol Nebules
678,Dexamethasone,Dexamethasone,General,Injection,250mg,216.6,2026-02-05,433,Eva Pharma,1,0,Dexamethasone,Dexamethasone
679,Cabergoline,Cabergoline,Women Health,Pessary,150mcg/30mcg,196.19,2026-05-26,250,Al Debeiky,1,0,Cabergoline,Cabergoline
680,Coenzyme Q10,Ubiquinone,Vitamins & Supplements,Softgel,100mg,158.34,2027-05-23,491,Tabuk Egypt,1,0,Ubiquinone,Coenzyme Q10
681,Benzoyl Peroxide,Benzoyl Peroxide,Dermatology,Shampoo,10%,207.22,2027-09-05,352,Hikma Egypt,1,0,Benzoyl Peroxide,Benzoyl Peroxide
682,Coal Tar Shampoo,Coal Tar,Dermatology,Shampoo,5%,155.11,2026-03-06,96,Hikma Egypt,1,0,Coal Tar,Coal Tar Shampoo
683,Progesterone Vaginal,Micronized Progesterone,Women Health,Patch,350mcg,302.53,2026-03-25,151,Novartis Egypt,1,0,Micronized Progesterone,Progesterone Vaginal
684,Omega-3,Fish Oil,Vitamins & Supplements,Tablet,500mg,236.89,2027-05-28,127,Sigma Pharma,1,0,Fish Oil,Omega-3
685,Gliclazide,Gliclazide,Antidiabetics,Pen Injector,25mg,445.11,2025-11-15,386,Bayer Egypt,1,0,Gliclazide,Gliclazide
686,Paracetamol 500mg,Paracetamol,Painkillers,Capsule,75mg,108.88,2027-06-10,208,October Pharma,1,1,Paracetamol,Panadol
687,Meloxicam,Meloxicam,Painkillers,Capsule,200mg,237.42,2026-05-19,305,Memphis Pharma,1,0,Meloxicam,Meloxicam
688,Vitamin B12,Cyanocobalamin,Vitamins & Supplements,Capsule,500mg,199.18,2026-06-16,465,Global Napi,1,0,Cyanocobalamin,Vitamin B12
689,Dapagliflozin,Dapagliflozin,Antidiabetics,Injection,500mg,285.3,2025-06-19,287,Medical Union,1,1,Dapagliflozin,Dapagliflozin
690,Vitamin K,Phytonadione,Vitamins & Supplements,Effervescent Tablet,1000IU,257.82,2026-11-04,57,Eva Pharma,1,0,Phytonadione,Vitamin K
691,Diltiazem,Diltiazem,Cardiovascular,Extended-Release Tablet,40mg,190.14,2026-05-05,394,Novartis Egypt,1,0,Diltiazem,Diltiazem
692,Gliclazide,Gliclazide,Antidiabetics,Extended-Release Tablet,10mg,377.04,2025-08-23,292,Global Napi,1,0,Gliclazide,Gliclazide
693,Metoprolol,Metoprolol,Cardiovascular,Capsule,2.5mg,109,2027-09-26,82,Medical Union,1,0,Metoprolol,Metoprolol
694,Augmentin,Amoxicillin/Clavulanate,Antibiotics,Tablet,400mg,104.17,2027-08-14,394,Pharco,1,1,Amoxicillin/Clavulanate,Augmentin
695,Combined OCP,Ethinylestradiol/Levonorgestrel,Women Health,Patch,100mg,230.03,2025-11-30,456,Al Debeiky,1,0,Ethinylestradiol/Levonorgestrel,Combined OCP
696,Xylometazoline Drops,Xylometazoline,Drops,Drops,0.10%,283.72,2026-07-13,447,Bayer Egypt,1,0,Xylometazoline,Xylometazoline Drops
697,Sitagliptin,Sitagliptin,Antidiabetics,Injection,500mg,40.24,2025-11-09,126,GSK Egypt,1,0,Sitagliptin,Januvia
698,Amoxicillin Suspension,Amoxicillin,Kids Medications,Syrup,250mg/5ml,91,2027-08-18,151,EIPICO,1,1,Amoxicillin,Amoxicillin Suspension
699,Zinc Oxide Cream,Zinc Oxide,Dermatology,Cream,5%,212.48,2025-06-19,276,Medical Union,1,0,Zinc Oxide,Zinc Oxide Cream
700,Collagen,Hydrolyzed Collagen,Vitamins & Supplements,Softgel,1000mcg,199.89,2025-09-19,33,Pfizer Egypt,1,0,Hydrolyzed Collagen,Collagen
701,Tretinoin,Tretinoin,Dermatology,Cream,0.50%,268.34,2026-10-28,349,Pfizer Egypt,1,0,Tretinoin,Tretinoin
702,Cefixime,Cefixime,Antibiotics,Suspension,125mg/5ml,47.13,2026-08-29,304,Hikma Egypt,1,0,Cefixime,Cefixime
703,Insulin Glargine,Insulin Glargine,Antidiabetics,Injection,100IU/ml,28.03,2025-09-01,265,Sigma Pharma,1,1,Insulin Glargine,Lantus
704,Nifedipine,Nifedipine,Cardiovascular,Capsule,25mg,120.05,2027-02-01,158,Memphis Pharma,1,0,Nifedipine,Nifedipine
705,Desloratadine,Desloratadine,Antihistamines,Nasal Spray,120mg,229.33,2025-10-07,320,Hikma Egypt,1,0,Desloratadine,Desloratadine
706,Ciprofloxacin Eye Drops,Ciprofloxacin,Drops,Eye Drops,3ml,272.44,2025-03-07,371,Hikma Egypt,1,1,Ciprofloxacin,Ciprofloxacin Eye Drops
707,Adapalene,Adapalene,Dermatology,Shampoo,2.50%,33.79,2025-06-18,228,Medical Union,1,0,Adapalene,Adapalene
708,Progesterone Only Pill,Levonorgestrel,Women Health,Patch,5mg,331.85,2027-08-17,182,Sanofi Egypt,1,0,Levonorgestrel,Progesterone Only Pill
709,Prednisolone,Prednisolone,General,Injection,5mg,249.15,2026-10-12,218,Mina Pharm,1,0,Prednisolone,Prednisolone
710,Bisacodyl,Bisacodyl,Gastrointestinal,Tablet,10mg,136.65,2025-02-16,392,Global Napi,1,0,Bisacodyl,Bisacodyl
711,Loratadine Syrup,Loratadine,Kids Medications,Syrup,10mg/ml,164.41,2026-06-23,285,Sanofi Egypt,1,1,Loratadine,Loratadine Syrup
712,Hydrocortisone,Hydrocortisone,General,Tablet,500mg,240.87,2026-04-02,38,Al Debeiky,1,0,Hydrocortisone,Hydrocortisone
713,Amikacin,Amikacin,Antibiotics,Suspension,200mg,260.09,2027-06-14,266,Pfizer Egypt,1,0,Amikacin,Amikacin
714,Cyproheptadine,Cyproheptadine,Antihistamines,Capsule,10mg,68.9,2027-02-27,409,Tabuk Egypt,1,0,Cyproheptadine,Cyproheptadine
715,Folic Acid,Folic Acid,Vitamins & Supplements,Softgel,400IU,135.19,2026-09-08,295,Medical Union,1,0,Folic Acid,Folicap
716,Naproxen,Naproxen,Painkillers,Injection,10mg,208.19,2026-09-26,365,Al Debeiky,1,0,Naproxen,Apranax
717,Colchicine,Colchicine,General,Tablet,200mg,106.75,2026-09-30,470,Amriya Pharma,1,0,Colchicine,Colchicine
718,Codeine,Codeine Phosphate,Painkillers,Tablet,100mg,200.26,2027-08-10,212,Hikma Egypt,1,0,Codeine Phosphate,Codeine
719,Prednisolone,Prednisolone,General,Capsule,40mg,15.08,2027-02-12,400,GSK Egypt,1,0,Prednisolone,Prednisolone
720,Zinc Syrup,Zinc Sulfate,Kids Medications,Syrup,100mg/5ml,189.76,2025-06-10,361,Sigma Pharma,1,0,Zinc Sulfate,Zinc Syrup
721,Melatonin,Melatonin,Vitamins & Supplements,Capsule,25mcg,177.26,2026-06-05,116,Medical Union,1,0,Melatonin,Melatonin
722,Progesterone Vaginal,Micronized Progesterone,Women Health,Pessary,150mcg/30mcg,91.75,2025-07-21,210,CID Pharma,1,0,Micronized Progesterone,Progesterone Vaginal
723,Digoxin,Digoxin,Cardiovascular,Injection,25mg,208.62,2026-07-26,111,Al Debeiky,1,0,Digoxin,Digoxin
724,Dapagliflozin,Dapagliflozin,Antidiabetics,Pen Injector,25mg,189.49,2025-04-03,412,Amriya Pharma,1,1,Dapagliflozin,Dapagliflozin
725,Bromhexine,Bromhexine,Cough & Cold,Syrup,600mg,105.31,2025-05-05,449,Pfizer Egypt,1,0,Bromhexine,Bromhexine
726,Cetirizine,Cetirizine,Antihistamines,Syrup,180mg,46.68,2026-01-06,176,Al Debeiky,1,1,Cetirizine,Cetirizine
727,Liraglutide,Liraglutide,Antidiabetics,Pen Injector,10mcg,46.09,2027-03-24,28,Global Napi,1,0,Liraglutide,Victoza
728,NPH Insulin,Isophane Insulin,Antidiabetics,Injection,25mg,587.68,2026-04-07,118,Bayer Egypt,1,0,Isophane Insulin,Insulatard
729,Amlodipine,Amlodipine,Cardiovascular,Sublingual Tablet,40mg,314.57,2025-02-03,116,Hikma Egypt,1,1,Amlodipine,Norvasc
730,Hydrocortisone Cream,Hydrocortisone,Dermatology,Cream,10%,107.69,2026-06-26,139,CID Pharma,1,0,Hydrocortisone,Hydrocortisone Cream
731,Ciprofloxacin Ear Drops,Ciprofloxacin,Drops,Drops,0.20%,60.26,2026-04-19,107,Eva Pharma,1,1,Ciprofloxacin,Ciprofloxacin Ear Drops
732,Hydrocortisone,Hydrocortisone,General,Tablet,500mg,114.92,2026-02-06,137,Mina Pharm,1,0,Hydrocortisone,Hydrocortisone
733,Gentamicin,Gentamicin,Antibiotics,Capsule,250mg,40.78,2026-06-07,381,Sigma Pharma,1,0,Gentamicin,Garamycin
734,Cabergoline,Cabergoline,Women Health,Pessary,5mg,79.96,2026-08-17,288,Bayer Egypt,1,0,Cabergoline,Cabergoline
735,Multivitamin,Multivitamin,Vitamins & Supplements,Effervescent Tablet,100mg,108.31,2027-06-21,213,Global Napi,1,0,Multivitamin,Multivitamin
736,Cefixime,Cefixime,Antibiotics,Suspension,1g,93.26,2026-10-11,360,Sanofi Egypt,1,0,Cefixime,Cefixime
737,Metoclopramide,Metoclopramide,Gastrointestinal,Suppository,15mlsachet,48.67,2026-01-11,81,October Pharma,1,0,Metoclopramide,Metoclopramide
738,Amikacin,Amikacin,Antibiotics,Capsule,875/125mg,92.3,2027-05-28,310,Pharco,1,0,Amikacin,Amikacin
739,Allopurinol,Allopurinol,General,Tablet,200mg,45.35,2027-10-03,500,Eva Pharma,1,0,Allopurinol,Zyloric
740,Chlorpheniramine,Chlorpheniramine,Antihistamines,Tablet,25mg,64.1,2027-05-19,345,Eva Pharma,1,0,Chlorpheniramine,Chlorpheniramine
741,Combined OCP,Ethinylestradiol/Levonorgestrel,Women Health,Vaginal Tablet,1.5mg,132.48,2025-11-04,337,Novartis Egypt,1,0,Ethinylestradiol/Levonorgestrel,Combined OCP
742,Zinc Oxide Cream,Zinc Oxide,Dermatology,Cream,0.10%,197.21,2025-08-05,120,EIPICO,1,0,Zinc Oxide,Zinc Oxide Cream
743,Carbocisteine,Carbocisteine,Cough & Cold,Nasal Spray,0.10%,112.47,2026-10-20,266,Amriya Pharma,1,0,Carbocisteine,Carbocisteine
744,Insulin Regular,Human Insulin,Antidiabetics,Injection,1.34mg/ml,457.89,2026-06-25,175,Pfizer Egypt,1,0,Human Insulin,Actrapid
745,Raloxifene,Raloxifene,Women Health,Pessary,100mg,364.6,2025-12-04,143,Sigma Pharma,1,0,Raloxifene,Raloxifene
746,Chloramphenicol Eye Drops,Chloramphenicol,Drops,Eye Drops,1%,154.24,2027-02-08,498,Sigma Pharma,1,0,Chloramphenicol,Chloramphenicol Eye Drops
747,Amikacin,Amikacin,Antibiotics,Powder for Injection,200mg,83.72,2026-11-28,128,Pharco,1,0,Amikacin,Amikacin
748,Psyllium,Ispaghula Husk,Gastrointestinal,Tablet,40mg,173.55,2026-12-23,364,Eva Pharma,1,0,Ispaghula Husk,Psyllium
749,Prednisolone,Prednisolone,General,Capsule,5mg,55.81,2026-01-28,470,Mina Pharm,1,0,Prednisolone,Prednisolone
750,Glucosamine,Glucosamine Sulfate,Vitamins & Supplements,Softgel,25mcg,238.03,2025-05-22,124,Al Debeiky,1,0,Glucosamine Sulfate,Glucosamine
751,Clindamycin,Clindamycin,Antibiotics,Powder for Injection,125mg/5ml,219.8,2025-10-05,251,Global Napi,1,0,Clindamycin,Clindamycin
752,Bilastine,Bilastine,Antihistamines,Capsule,120mg,133.63,2027-08-21,300,EIPICO,1,0,Bilastine,Bilastine
753,Salbutamol Nebules,Salbutamol,Kids Medications,Granules,5mg/5ml,133.98,2025-12-05,142,GSK Egypt,1,0,Salbutamol,Salbutamol Nebules
754,Diphenhydramine,Diphenhydramine,Antihistamines,Syrup,5mg,224.82,2027-09-16,267,AstraZeneca Egypt,1,0,Diphenhydramine,Benadryl
755,Folic Acid 5mg,Folic Acid,Women Health,Pessary,500mcg,108.76,2025-07-03,135,GSK Egypt,1,0,Folic Acid,Folicap
756,Fluconazole,Fluconazole,Antibiotics,Tablet,875/125mg,39.64,2026-04-17,371,Bayer Egypt,1,0,Fluconazole,Fluconazole
757,Metronidazole,Metronidazole,Antibiotics,Powder for Injection,1g,48.71,2026-07-26,460,Novartis Egypt,1,0,Metronidazole,Metronidazole
758,Metoprolol,Metoprolol,Cardiovascular,Injection,100mg,52.67,2025-02-06,465,Global Napi,1,0,Metoprolol,Metoprolol
759,Misoprostol,Misoprostol,Women Health,Tablet,100mg,205.86,2026-07-23,342,October Pharma,1,0,Misoprostol,Misoprostol
760,Mesalazine,Mesalazine,Gastrointestinal,Sachet,40mg,97.37,2026-08-09,390,Hikma Egypt,1,0,Mesalazine,Mesalazine
761,Ipratropium Inhaler,Ipratropium,Cough & Cold,Sachet,0.10%,170.84,2026-03-01,50,Medical Union,1,0,Ipratropium,Ipratropium Inhaler
762,Ondansetron Syrup,Ondansetron,Kids Medications,Syrup,120mg/5ml,104.4,2027-10-09,182,Mina Pharm,1,1,Ondansetron,Ondansetron Syrup
763,Clindamycin,Clindamycin,Antibiotics,Suspension,875/125mg,264.35,2026-05-05,300,Novartis Egypt,1,0,Clindamycin,Clindamycin
764,Simvastatin,Simvastatin,Cardiovascular,Extended-Release Tablet,10mg,338.82,2027-08-27,321,Mina Pharm,1,0,Simvastatin,Simvastatin
765,Ciprofloxacin,Ciprofloxacin,Antibiotics,Injection,200mg,325.85,2026-12-24,235,Eva Pharma,1,1,Ciprofloxacin,Ciprofloxacin
766,Omega-3,Fish Oil,Vitamins & Supplements,Tablet,400IU,147.55,2025-05-23,357,Amriya Pharma,1,0,Fish Oil,Omega-3
767,ORS,Oral Rehydration Salts,Gastrointestinal,Suspension,40mg,95.92,2027-05-25,178,Tabuk Egypt,1,0,Oral Rehydration Salts,ORS
768,Bromhexine,Bromhexine,Cough & Cold,Lozenges,100mg,166.63,2027-01-01,324,AstraZeneca Egypt,1,0,Bromhexine,Bromhexine
769,Atenolol,Atenolol,Cardiovascular,Capsule,2.5mg,123.81,2026-10-10,493,Al Debeiky,1,0,Atenolol,Atenolol
770,Colchicine,Colchicine,General,Capsule,40mg,157.94,2026-10-18,445,Eva Pharma,1,0,Colchicine,Colchicine
771,Ipratropium Inhaler,Ipratropium,Cough & Cold,Nasal Spray,30mg,47.48,2026-06-20,374,Eva Pharma,1,0,Ipratropium,Ipratropium Inhaler
772,Multivitamin,Multivitamin,Vitamins & Supplements,Effervescent Tablet,100mg,196.05,2025-07-26,13,Mina Pharm,1,0,Multivitamin,Multivitamin
773,Chlorpheniramine,Chlorpheniramine,Antihistamines,Syrup,120mg,100.31,2026-06-13,205,Novartis Egypt,1,0,Chlorpheniramine,Chlorpheniramine
774,Nifedipine,Nifedipine,Cardiovascular,Extended-Release Tablet,20mg,469.88,2025-10-02,337,Al Debeiky,1,0,Nifedipine,Nifedipine
775,Aspirin,Aspirin,General,Tablet,5mg,84.46,2026-12-15,168,Sanofi Egypt,1,0,Aspirin,Aspirin
776,Calamine Lotion,Calamine,Dermatology,Solution,2%,142.59,2025-10-29,369,CID Pharma,1,0,Calamine,Calamine Lotion
777,Salbutamol Inhaler,Salbutamol,Cough & Cold,Sachet,15mg/5ml,43.48,2026-06-25,183,Bayer Egypt,1,1,Salbutamol,Salbutamol Inhaler
778,Folic Acid 5mg,Folic Acid,Women Health,Pessary,1.5mg,344.11,2025-09-26,312,Bayer Egypt,1,0,Folic Acid,Folicap
779,Ursodeoxycholic Acid,UDCA,Gastrointestinal,Sachet,5mg,15.62,2026-11-01,152,Bayer Egypt,1,0,UDCA,Ursodeoxycholic Acid
780,Isoniazid,Isoniazid,Antibiotics,Suspension,875/125mg,325.47,2026-01-28,262,Eva Pharma,1,0,Isoniazid,Isoniazid
781,Piroxicam,Piroxicam,Painkillers,Capsule,100mg,293.18,2027-03-09,68,AstraZeneca Egypt,1,0,Piroxicam,Piroxicam
782,Glimepiride,Glimepiride,Antidiabetics,Extended-Release Tablet,10mcg,451.43,2025-08-13,412,Amriya Pharma,1,0,Glimepiride,Glimepiride
783,Benzoyl Peroxide,Benzoyl Peroxide,Dermatology,Solution,2.50%,150.58,2025-05-19,467,Mina Pharm,1,0,Benzoyl Peroxide,Benzoyl Peroxide
784,Multivitamin,Multivitamin,Vitamins & Supplements,Capsule,1000IU,37.12,2026-12-17,35,October Pharma,1,0,Multivitamin,Multivitamin
785,Domperidone,Domperidone,Gastrointestinal,Syrup,500mg,78.88,2025-10-16,392,Eva Pharma,1,1,Domperidone,Domperidone
786,Amiodarone,Amiodarone,Cardiovascular,Tablet,100mg,144.53,2027-10-03,73,Al Debeiky,1,0,Amiodarone,Amiodarone
787,Bromhexine,Bromhexine,Cough & Cold,Syrup,15mg/5ml,164.08,2027-01-13,448,Hikma Egypt,1,0,Bromhexine,Bromhexine
788,Etoricoxib,Etoricoxib,Painkillers,Patch,400mg,131.04,2025-09-25,489,Al Debeiky,1,0,Etoricoxib,Etoricoxib
789,Lisinopril,Lisinopril,Cardiovascular,Extended-Release Tablet,0.25mg,207.11,2026-12-06,250,Sanofi Egypt,1,0,Lisinopril,Lisinopril
790,Warfarin,Warfarin Sodium,General,Injection,200mg,224.11,2025-10-08,9,Mina Pharm,1,0,Warfarin Sodium,Warfarin
791,Finasteride,Finasteride,General,Film-Coated Tablet,500mg,45.77,2027-07-04,181,October Pharma,1,0,Finasteride,Proscar
792,Vitamin E,Tocopherol,Vitamins & Supplements,Sachet,200mg,181.84,2027-01-07,194,Novartis Egypt,1,0,Tocopherol,Vitamin E
793,Bimatoprost Eye Drops,Bimatoprost,Drops,Eye Drops,5ml,110.85,2025-11-02,81,October Pharma,1,0,Bimatoprost,Bimatoprost Eye Drops
794,Moxifloxacin Eye Drops,Moxifloxacin,Drops,Eye Drops,0.20%,98.62,2025-08-07,243,Memphis Pharma,1,0,Moxifloxacin,Moxifloxacin Eye Drops
795,Prednisolone,Prednisolone,General,Tablet,5mg,82.61,2026-09-22,347,EIPICO,1,0,Prednisolone,Prednisolone
796,Timolol Eye Drops,Timolol,Drops,Eye Drops,10ml,141.94,2027-04-30,162,Eva Pharma,1,0,Timolol,Timolol Eye Drops
797,Augmentin Suspension,Amoxicillin/Clavulanate,Kids Medications,Syrup,120mg/5ml,123,2025-05-26,119,Al Debeiky,1,0,Amoxicillin/Clavulanate,Augmentin Suspension
798,Ranitidine,Ranitidine,Gastrointestinal,Suppository,30mg,77.33,2027-06-16,155,Memphis Pharma,1,0,Ranitidine,Ranitidine
799,Nitroglycerin,Glyceryl Trinitrate,Cardiovascular,Tablet,10mg,174.59,2026-04-01,176,Bayer Egypt,1,0,Glyceryl Trinitrate,Nitroglycerin
800,Carbimazole,Carbimazole,General,Capsule,5mg,157.14,2027-02-05,435,Hikma Egypt,1,0,Carbimazole,Carbimazole
801,Lansoprazole,Lansoprazole,Gastrointestinal,Tablet,1g,163.8,2025-08-24,383,Global Napi,1,0,Lansoprazole,Lansoprazole
802,Nasal Saline Drops,Sodium Chloride 0.9%,Drops,Nasal Spray,3ml,286.89,2025-02-28,23,October Pharma,1,0,Sodium Chloride 0.9%,Nasal Saline Drops
803,Esomeprazole,Esomeprazole,Gastrointestinal,Sachet,40mg,130.12,2026-05-08,93,Mina Pharm,1,0,Esomeprazole,Esomeprazole
804,Iron Supplement,Ferrous Sulfate,Vitamins & Supplements,Capsule,25mcg,141.15,2025-04-08,71,GSK Egypt,1,0,Ferrous Sulfate,Iron Supplement
805,Dapagliflozin,Dapagliflozin,Antidiabetics,Pen Injector,100IU/ml,414.98,2025-02-08,429,October Pharma,1,1,Dapagliflozin,Dapagliflozin
806,Ondansetron,Ondansetron,Gastrointestinal,Tablet,5mg,170.82,2026-10-05,162,Sigma Pharma,1,1,Ondansetron,Ondansetron
807,Tibolone,Tibolone,Women Health,Injection,2mg,147.37,2025-07-16,37,Bayer Egypt,1,0,Tibolone,Tibolone
808,Guaifenesin,Guaifenesin,Cough & Cold,Lozenges,30mg,78.86,2025-07-23,204,Medical Union,1,0,Guaifenesin,Guaifenesin
809,Lactulose,Lactulose,Gastrointestinal,Suspension,15mlsachet,20.09,2026-06-23,404,Pfizer Egypt,1,0,Lactulose,Duphalac
810,Gabapentin,Gabapentin,Painkillers,Suppository,400mg,263.77,2025-08-08,316,Amriya Pharma,1,0,Gabapentin,Gabapentin
811,Vitamin C,Ascorbic Acid,Vitamins & Supplements,Sachet,500mg,136.17,2026-09-24,183,Mina Pharm,1,1,Ascorbic Acid,Vitamin C
812,Colchicine,Colchicine,General,Tablet,500mg,211.85,2025-06-14,2,Eva Pharma,1,0,Colchicine,Colchicine
813,Insulin Glargine,Insulin Glargine,Antidiabetics,Injection,1.34mg/ml,443.82,2027-06-23,24,Al Debeiky,1,1,Insulin Glargine,Lantus
814,Acyclovir Suspension,Acyclovir,Kids Medications,Syrup,200mg/5ml,51.73,2025-03-07,348,EIPICO,1,0,Acyclovir,Acyclovir Suspension
815,Methylprednisolone,Methylprednisolone,General,Tablet,50mg,108.62,2025-09-01,472,CID Pharma,1,0,Methylprednisolone,Methylprednisolone
816,Lisinopril,Lisinopril,Cardiovascular,Injection,5mg,52.01,2025-05-08,462,AstraZeneca Egypt,1,0,Lisinopril,Lisinopril
817,Ketotifen,Ketotifen,Antihistamines,Tablet,5mg,42.1,2027-01-23,233,Sigma Pharma,1,0,Ketotifen,Ketotifen
818,Loperamide,Loperamide,Gastrointestinal,Suppository,5mg,137.23,2026-07-15,455,Pharco,1,0,Loperamide,Loperamide
819,Vitamin B Complex,B-Complex,Vitamins & Supplements,Capsule,25mcg,223.19,2025-03-30,154,October Pharma,1,0,B-Complex,Vitamin B Complex
820,Carbocisteine,Carbocisteine,Cough & Cold,Inhaler,30mg,77.09,2027-05-27,308,Mina Pharm,1,0,Carbocisteine,Carbocisteine
821,Tramadol 50mg,Tramadol HCl,Painkillers,Capsule,25mg,89.75,2027-08-13,412,Tabuk Egypt,1,0,Tramadol HCl,Tramadol 50mg
822,Ibuprofen,Ibuprofen,General,Tablet,50mg,186.32,2026-07-28,68,Mina Pharm,1,1,Ibuprofen,Brufen
823,Diphenhydramine,Diphenhydramine,Antihistamines,Tablet,25mg,130.93,2026-01-12,202,Memphis Pharma,1,0,Diphenhydramine,Benadryl
824,Oxymetazoline,Oxymetazoline,Cough & Cold,Nasal Spray,15mg/5ml,142.66,2026-07-25,171,Al Debeiky,1,0,Oxymetazoline,Oxymetazoline
825,Paracetamol 500mg,Paracetamol,Painkillers,Capsule,500mg,62.12,2027-03-01,427,October Pharma,1,1,Paracetamol,Panadol
826,Prednisolone Eye Drops,Prednisolone,Drops,Eye Drops,0.50%,164.63,2027-03-12,289,EIPICO,1,0,Prednisolone,Prednisolone Eye Drops
827,Glibenclamide,Glibenclamide,Antidiabetics,Injection,1.34mg/ml,406.13,2027-05-31,161,Eva Pharma,1,0,Glibenclamide,Glibenclamide
828,Furosemide,Furosemide,General,Film-Coated Tablet,20mg,32.4,2026-09-25,257,Amriya Pharma,1,0,Furosemide,Furosemide
829,Paracetamol,Paracetamol,General,Capsule,40mg,236.19,2025-06-07,398,Sigma Pharma,1,1,Paracetamol,Panadol
830,Prednisolone,Prednisolone,General,Injection,100mg,78.03,2027-09-03,339,Global Napi,1,0,Prednisolone,Prednisolone
831,Ranitidine,Ranitidine,Gastrointestinal,Tablet,40mg,160.5,2025-05-05,115,Sanofi Egypt,1,0,Ranitidine,Ranitidine
832,Etoricoxib,Etoricoxib,Painkillers,Injection,25mg,197.49,2025-06-10,468,Bayer Egypt,1,0,Etoricoxib,Etoricoxib
833,Fexofenadine,Fexofenadine,Antihistamines,Tablet,10mg,149.94,2027-10-11,209,Amriya Pharma,1,0,Fexofenadine,Fexofenadine
834,Simethicone,Simethicone,Gastrointestinal,Sachet,5mg,136.48,2027-10-14,459,Medical Union,1,0,Simethicone,Simethicone
835,Baclofen,Baclofen,Painkillers,Extended-Release Tablet,25mg,80.4,2025-09-19,444,October Pharma,1,0,Baclofen,Baclofen
836,Magnesium,Magnesium Oxide,Vitamins & Supplements,Effervescent Tablet,1000mcg,218.19,2025-03-01,23,Mina Pharm,1,0,Magnesium Oxide,Magnesium
837,Bimatoprost Eye Drops,Bimatoprost,Drops,Eye Drops,1%,216.83,2026-11-09,360,Al Debeiky,1,0,Bimatoprost,Bimatoprost Eye Drops
838,Semaglutide,Semaglutide,Antidiabetics,Tablet,100IU/ml,226.02,2025-08-17,343,CID Pharma,1,1,Semaglutide,Ozempic
839,Acyclovir Suspension,Acyclovir,Kids Medications,Syrup,100mg/5ml,172.41,2025-11-29,252,Mina Pharm,1,0,Acyclovir,Acyclovir Suspension
840,Oxymetazoline,Oxymetazoline,Cough & Cold,Nasal Spray,600mg,159.36,2027-06-04,405,Eva Pharma,1,0,Oxymetazoline,Oxymetazoline
841,Iron Supplement,Ferrous Sulfate,Vitamins & Supplements,Sachet,500mg,260.96,2025-07-06,325,Pfizer Egypt,1,0,Ferrous Sulfate,Iron Supplement
842,Mometasone Cream,Mometasone,Dermatology,Cream,0.50%,305.14,2027-09-24,306,Sigma Pharma,1,0,Mometasone,Mometasone Cream
843,Sucralfate,Sucralfate,Gastrointestinal,Syrup,15mlsachet,45.64,2027-07-28,276,Sigma Pharma,1,0,Sucralfate,Sucralfate
844,Metronidazole,Metronidazole,Antibiotics,Suspension,1g,139.88,2026-12-21,291,Amriya Pharma,1,0,Metronidazole,Metronidazole
845,Calcium,Calcium Carbonate,Vitamins & Supplements,Softgel,1000mcg,165.88,2026-11-26,303,October Pharma,1,0,Calcium Carbonate,Calcium
846,Isotretinoin,Isotretinoin,Dermatology,Gel,0.05%,101.4,2026-03-11,292,October Pharma,1,0,Isotretinoin,Isotretinoin
847,Acetylcysteine,N-Acetylcysteine,Cough & Cold,Tablet,100mg,118.57,2026-10-06,123,Mina Pharm,1,0,N-Acetylcysteine,Acetylcysteine
848,Amikacin,Amikacin,Antibiotics,Capsule,200mg,84.85,2026-11-26,38,Amriya Pharma,1,0,Amikacin,Amikacin
849,Iron Drops,Ferrous Sulfate,Kids Medications,Drops,10mg/ml,41.04,2027-09-18,377,EIPICO,1,0,Ferrous Sulfate,Iron Drops
850,Brimonidine Eye Drops,Brimonidine,Drops,Eye Drops,1%,184.05,2026-03-14,325,AstraZeneca Egypt,1,0,Brimonidine,Brimonidine Eye Drops
851,Insulin Lispro,Insulin Lispro,Antidiabetics,Injection,10mg,64.79,2026-02-10,302,Pfizer Egypt,1,0,Insulin Lispro,Humalog
852,Bromhexine,Bromhexine,Cough & Cold,Inhaler,0.10%,116.57,2025-05-19,165,Memphis Pharma,1,0,Bromhexine,Bromhexine
853,Omeprazole,Omeprazole,Gastrointestinal,Suspension,30mg,146.45,2025-06-13,340,Novartis Egypt,1,1,Omeprazole,Omeprazole
854,Warfarin,Warfarin Sodium,General,Capsule,100mg,171.74,2027-06-11,208,Novartis Egypt,1,0,Warfarin Sodium,Warfarin
855,Rosuvastatin,Rosuvastatin,Cardiovascular,Capsule,20mg,194.94,2025-08-17,172,Medical Union,1,0,Rosuvastatin,Crestor
856,Ondansetron,Ondansetron,Gastrointestinal,Sachet,10mg,140.88,2027-03-16,226,GSK Egypt,1,1,Ondansetron,Ondansetron
857,Insulin Glargine,Insulin Glargine,Antidiabetics,Injection,500mg,212.8,2026-10-16,338,Mina Pharm,1,1,Insulin Glargine,Lantus
858,Cabergoline,Cabergoline,Women Health,Capsule,500mcg,64.91,2026-03-07,397,Pfizer Egypt,1,0,Cabergoline,Cabergoline
859,Ibuprofen Syrup,Ibuprofen,Kids Medications,Syrup,5mg/5ml,109.94,2025-03-30,277,Global Napi,1,1,Ibuprofen,Brufen
860,Warfarin,Warfarin Sodium,General,Capsule,10mg,84.65,2027-03-11,111,CID Pharma,1,0,Warfarin Sodium,Warfarin
861,Letrozole,Letrozole,Women Health,Injection,2mg,245.09,2026-01-23,270,Pfizer Egypt,1,0,Letrozole,Letrozole
862,Diphenhydramine,Diphenhydramine,Antihistamines,Tablet,5mg/5ml,228.35,2026-12-19,392,Amriya Pharma,1,0,Diphenhydramine,Benadryl
863,Collagen,Hydrolyzed Collagen,Vitamins & Supplements,Capsule,1000mcg,248.09,2027-10-07,485,Mina Pharm,1,0,Hydrolyzed Collagen,Collagen
864,Nitrofurantoin,Nitrofurantoin,Antibiotics,Suspension,1g,182.25,2026-11-25,52,Global Napi,1,0,Nitrofurantoin,Nitrofurantoin
865,Ondansetron,Ondansetron,Gastrointestinal,Syrup,5mg,176.05,2027-06-02,182,Sigma Pharma,1,1,Ondansetron,Ondansetron
866,Lansoprazole,Lansoprazole,Gastrointestinal,Tablet,500mg,93.95,2025-11-20,113,EIPICO,1,0,Lansoprazole,Lansoprazole
867,Antacid,Aluminum/Magnesium Hydroxide,Gastrointestinal,Syrup,5mg,106.58,2026-12-16,351,Global Napi,1,0,Aluminum/Magnesium Hydroxide,Antacid
868,Cabergoline,Cabergoline,Women Health,Patch,100mg,42.1,2027-05-19,189,CID Pharma,1,0,Cabergoline,Cabergoline
869,Ketotifen,Ketotifen,Antihistamines,Capsule,5mg,201.24,2026-08-16,460,EIPICO,1,0,Ketotifen,Ketotifen
870,Cold & Flu Combo,Paracetamol/Pseudoephedrine,Cough & Cold,Syrup,15mg/5ml,177.16,2027-06-06,15,Sanofi Egypt,1,0,Paracetamol/Pseudoephedrine,Cold & Flu Combo
871,Timolol Eye Drops,Timolol,Drops,Eye Drops,0.10%,169.03,2026-09-18,202,Hikma Egypt,1,0,Timolol,Timolol Eye Drops
872,Nitrofurantoin,Nitrofurantoin,Antibiotics,Capsule,400mg,170.07,2026-07-02,194,Pharco,1,0,Nitrofurantoin,Nitrofurantoin
873,Misoprostol,Misoprostol,Women Health,Vaginal Tablet,350mcg,246.44,2027-09-26,192,Mina Pharm,1,0,Misoprostol,Misoprostol
874,Calamine Lotion,Calamine,Dermatology,Gel,2%,61.8,2025-04-17,260,Hikma Egypt,1,0,Calamine,Calamine Lotion
875,Hydrocortisone,Hydrocortisone,General,Injection,100mg,213.24,2025-05-07,331,AstraZeneca Egypt,1,0,Hydrocortisone,Hydrocortisone
876,Magnesium Sulfate,Magnesium Sulfate,Women Health,Pessary,100mg,377.47,2026-06-05,412,GSK Egypt,1,0,Magnesium Sulfate,Magnesium Sulfate
877,Montelukast Granules,Montelukast,Kids Medications,Granules,250mg/5ml,78.73,2025-10-16,2,Novartis Egypt,1,0,Montelukast,Montelukast Granules
878,Coenzyme Q10,Ubiquinone,Vitamins & Supplements,Tablet,400IU,39.84,2026-07-14,441,Amriya Pharma,1,0,Ubiquinone,Coenzyme Q10
879,Ketorolac,Ketorolac,Painkillers,Patch,75mg,34.16,2025-08-15,0,Eva Pharma,0,0,Ketorolac,Ketorolac
880,Vitamin D Drops,Cholecalciferol,Kids Medications,Drops,10mg/ml,111.62,2027-02-18,252,Medical Union,1,0,Cholecalciferol,Vitamin D Drops
881,Tramadol 100mg,Tramadol HCl,Painkillers,Tablet,100mg,195.69,2027-02-20,456,Mina Pharm,1,0,Tramadol HCl,Tramadol 100mg
882,Misoprostol,Misoprostol,Women Health,Vaginal Tablet,500mcg,247.72,2026-08-29,408,GSK Egypt,1,0,Misoprostol,Misoprostol
883,Montelukast,Montelukast,Cough & Cold,Inhaler,30mg,100.32,2026-05-15,225,GSK Egypt,1,0,Montelukast,Montelukast
884,Letrozole,Letrozole,Women Health,Tablet,2mg,167.98,2026-07-05,224,Tabuk Egypt,1,0,Letrozole,Letrozole
885,Losartan,Losartan,Cardiovascular,Tablet,25mg,247.01,2025-06-13,434,October Pharma,1,0,Losartan,Cozaar
886,Diphenhydramine,Diphenhydramine,Antihistamines,Syrup,10mg,230,2026-02-04,150,Tabuk Egypt,1,0,Diphenhydramine,Benadryl
887,Ibuprofen,Ibuprofen,General,Tablet,200mg,213.95,2026-12-11,83,Sanofi Egypt,1,1,Ibuprofen,Brufen
888,Pioglitazone,Pioglitazone,Antidiabetics,Injection,850mg,332.79,2025-03-06,219,Pharco,1,0,Pioglitazone,Actos
889,Atenolol,Atenolol,Cardiovascular,Capsule,25mg,76.97,2026-09-16,323,Pfizer Egypt,1,0,Atenolol,Atenolol
890,Levothyroxine,Levothyroxine,General,Film-Coated Tablet,100mg,245.4,2026-07-29,293,Amriya Pharma,1,0,Levothyroxine,Eltroxin
891,Insulin Detemir,Insulin Detemir,Antidiabetics,Injection,850mg,431.19,2026-09-02,109,AstraZeneca Egypt,1,0,Insulin Detemir,Levemir
892,Cefixime,Cefixime,Antibiotics,Capsule,1g,231.65,2026-06-08,184,Pfizer Egypt,1,0,Cefixime,Cefixime
893,Sitagliptin,Sitagliptin,Antidiabetics,Film-Coated Tablet,10mcg,202.44,2027-07-09,438,Global Napi,1,0,Sitagliptin,Januvia
894,Calamine Lotion,Calamine,Dermatology,Gel,1%,232.44,2027-08-23,244,Pharco,1,0,Calamine,Calamine Lotion
895,Acarbose,Acarbose,Antidiabetics,Extended-Release Tablet,1000mg,297.07,2027-10-16,421,Global Napi,1,0,Acarbose,Glucobay
896,Acyclovir,Acyclovir,Antibiotics,Suspension,50mg/ml,221.03,2025-12-04,93,Mina Pharm,1,0,Acyclovir,Acyclovir
897,Nasal Saline Drops,Sodium Chloride 0.9%,Drops,Nasal Spray,0.01%,126.59,2026-04-03,372,Novartis Egypt,1,0,Sodium Chloride 0.9%,Nasal Saline Drops
898,Chloramphenicol Eye Drops,Chloramphenicol,Drops,Eye Drops,0.01%,93.81,2025-07-04,139,Global Napi,1,0,Chloramphenicol,Chloramphenicol Eye Drops
899,Zinc Oxide Cream,Zinc Oxide,Dermatology,Cream,0.05%,56.82,2025-03-31,266,Global Napi,1,0,Zinc Oxide,Zinc Oxide Cream
900,Melatonin,Melatonin,Vitamins & Supplements,Tablet,200mg,20.21,2025-10-24,343,EIPICO,1,0,Melatonin,Melatonin
901,Minoxidil Solution,Minoxidil,Dermatology,Lotion,0.50%,156.39,2025-05-19,456,Pfizer Egypt,1,0,Minoxidil,Minoxidil Solution
902,Finasteride,Finasteride,General,Tablet,200mg,178.17,2027-10-15,176,Memphis Pharma,1,0,Finasteride,Proscar
903,Domperidone Suspension,Domperidone,Kids Medications,Syrup,120mg/5ml,146.04,2025-02-04,195,Global Napi,1,1,Domperidone,Domperidone Suspension
904,Clomiphene,Clomiphene Citrate,Women Health,Patch,1.5mg,383.6,2026-11-20,236,Sanofi Egypt,1,0,Clomiphene Citrate,Clomiphene
905,Sitagliptin,Sitagliptin,Antidiabetics,Tablet,10mcg,499.76,2025-07-20,22,Novartis Egypt,1,0,Sitagliptin,Januvia
906,Acetylcysteine,N-Acetylcysteine,Cough & Cold,Nasal Spray,0.10%,61.78,2027-07-11,1,Bayer Egypt,1,0,N-Acetylcysteine,Acetylcysteine
907,Gentamicin Ear Drops,Gentamicin,Drops,Drops,2%,245.72,2026-10-18,348,GSK Egypt,1,0,Gentamicin,Garamycin
908,Carbocisteine,Carbocisteine,Cough & Cold,Nasal Spray,6mg,99.25,2027-10-15,176,Tabuk Egypt,1,0,Carbocisteine,Carbocisteine
909,Allopurinol,Allopurinol,General,Film-Coated Tablet,10mg,200.47,2025-10-29,442,Bayer Egypt,1,0,Allopurinol,Zyloric
910,Lactulose,Lactulose,Gastrointestinal,Suspension,5mg,71.41,2025-10-12,262,Sanofi Egypt,1,0,Lactulose,Duphalac
911,Canagliflozin,Canagliflozin,Antidiabetics,Extended-Release Tablet,100IU/ml,155.84,2025-03-07,361,Novartis Egypt,1,0,Canagliflozin,Canagliflozin
912,Ramipril,Ramipril,Cardiovascular,Extended-Release Tablet,5mg,115.62,2025-10-11,115,AstraZeneca Egypt,1,0,Ramipril,Tritace
913,Ambroxol,Ambroxol,Cough & Cold,Lozenges,0.10%,125.37,2025-08-14,276,Eva Pharma,1,1,Ambroxol,Ambroxol
914,Liraglutide,Liraglutide,Antidiabetics,Pen Injector,10mcg,524.03,2026-09-13,218,Mina Pharm,1,0,Liraglutide,Victoza
915,Mometasone Nasal,Mometasone,Cough & Cold,Nasal Spray,60mg,121.23,2026-09-28,135,GSK Egypt,1,0,Mometasone,Mometasone Nasal
916,Metformin,Metformin,Antidiabetics,Tablet,25mg,528.15,2026-12-08,461,GSK Egypt,1,1,Metformin,Glucophage
917,Dexamethasone,Dexamethasone,General,Film-Coated Tablet,1g,77.02,2027-06-21,261,AstraZeneca Egypt,1,0,Dexamethasone,Dexamethasone
918,Fluticasone Nasal,Fluticasone,Cough & Cold,Nasal Spray,30mg,63.96,2025-09-02,78,Medical Union,1,0,Fluticasone,Fluticasone Nasal
919,Tobramycin Eye Drops,Tobramycin,Drops,Eye Drops,5ml,251.57,2026-12-03,288,GSK Egypt,1,0,Tobramycin,Tobramycin Eye Drops
920,Antacid,Aluminum/Magnesium Hydroxide,Gastrointestinal,Tablet,40mg,198.18,2027-07-06,407,Hikma Egypt,1,0,Aluminum/Magnesium Hydroxide,Antacid
921,Digoxin,Digoxin,Cardiovascular,Extended-Release Tablet,2.5mg,155.56,2026-10-10,322,Novartis Egypt,1,0,Digoxin,Digoxin
922,Celecoxib,Celecoxib,Painkillers,Extended-Release Tablet,10mg,145.58,2027-02-12,237,Mina Pharm,1,0,Celecoxib,Celebrex
923,Ebastine,Ebastine,Antihistamines,Tablet,1mg,46.51,2026-04-06,365,Memphis Pharma,1,0,Ebastine,Kestine
924,Nasal Saline Drops,Sodium Chloride 0.9%,Drops,Nasal Spray,3ml,61.49,2026-11-05,221,Pfizer Egypt,1,0,Sodium Chloride 0.9%,Nasal Saline Drops
925,Dulaglutide,Dulaglutide,Antidiabetics,Film-Coated Tablet,1.34mg/ml,165.99,2025-02-19,96,Pharco,1,0,Dulaglutide,Trulicity
926,Levothyroxine,Levothyroxine,General,Tablet,10mg,34.03,2027-06-14,222,Pfizer Egypt,1,0,Levothyroxine,Eltroxin
927,Dydrogesterone,Dydrogesterone,Women Health,Capsule,500mcg,184.26,2026-07-28,244,EIPICO,1,0,Dydrogesterone,Duphaston
928,Hyoscine,Hyoscine Butylbromide,Gastrointestinal,Suspension,500mg,70.62,2026-07-08,257,EIPICO,1,0,Hyoscine Butylbromide,Hyoscine
929,Vitamin D3,Cholecalciferol,Vitamins & Supplements,Sachet,200mg,156.32,2026-11-05,331,Hikma Egypt,1,1,Cholecalciferol,Vitamin D3
930,Diltiazem,Diltiazem,Cardiovascular,Capsule,10mg,476.49,2026-08-18,177,Al Debeiky,1,0,Diltiazem,Diltiazem
931,Colchicine,Colchicine,General,Tablet,500mg,147.33,2026-11-11,43,Novartis Egypt,1,0,Colchicine,Colchicine
932,Probiotics,Lactobacillus,Vitamins & Supplements,Softgel,1000IU,33.9,2025-05-12,357,Memphis Pharma,1,0,Lactobacillus,Probiotics
933,Mefenamic Acid,Mefenamic Acid,Painkillers,Injection,50mg,109.38,2027-03-24,43,Memphis Pharma,1,0,Mefenamic Acid,Mefenamic Acid
934,Fluconazole,Fluconazole,Antibiotics,Suspension,500mg,245.83,2027-09-16,226,CID Pharma,1,0,Fluconazole,Fluconazole
935,Tretinoin,Tretinoin,Dermatology,Solution,0.03%,201.4,2026-07-17,101,Hikma Egypt,1,0,Tretinoin,Tretinoin
936,Augmentin Suspension,Amoxicillin/Clavulanate,Kids Medications,Syrup,120mg/5ml,132.37,2025-11-08,84,Novartis Egypt,1,0,Amoxicillin/Clavulanate,Augmentin Suspension
937,Olopatadine Eye Drops,Olopatadine,Drops,Eye Drops,0.01%,148.01,2025-03-09,481,Global Napi,1,0,Olopatadine,Olopatadine Eye Drops
938,Ciprofloxacin Eye Drops,Ciprofloxacin,Drops,Eye Drops,0.20%,105.53,2027-03-06,69,Sigma Pharma,1,1,Ciprofloxacin,Ciprofloxacin Eye Drops
939,Bisoprolol,Bisoprolol,Cardiovascular,Tablet,2.5mg,62.12,2026-11-09,382,Eva Pharma,1,0,Bisoprolol,Bisoprolol
940,Mometasone Cream,Mometasone,Dermatology,Cream,0.03%,194.48,2025-06-05,153,Global Napi,1,0,Mometasone,Mometasone Cream
941,Digoxin,Digoxin,Cardiovascular,Sublingual Tablet,40mg,103.88,2027-09-09,460,Bayer Egypt,1,0,Digoxin,Digoxin
942,Ranitidine,Ranitidine,Gastrointestinal,Suspension,40mg,156.17,2025-02-05,213,Pfizer Egypt,1,0,Ranitidine,Ranitidine
943,Iron Drops,Ferrous Sulfate,Kids Medications,Drops,10mg/ml,46.48,2026-06-19,435,Eva Pharma,1,0,Ferrous Sulfate,Iron Drops
944,Prednisolone,Prednisolone,General,Injection,40mg,19.9,2027-06-01,234,EIPICO,1,0,Prednisolone,Prednisolone
945,Bilastine,Bilastine,Antihistamines,Tablet,5mg/5ml,187.25,2026-02-18,344,Eva Pharma,1,0,Bilastine,Bilastine
946,Loperamide,Loperamide,Gastrointestinal,Suspension,500mg,64.99,2025-05-19,150,Pfizer Egypt,1,0,Loperamide,Loperamide
947,Psyllium,Ispaghula Husk,Gastrointestinal,Tablet,5mg,125.4,2025-11-22,390,Mina Pharm,1,0,Ispaghula Husk,Psyllium
948,Latanoprost Eye Drops,Latanoprost,Drops,Eye Drops,5ml,206.54,2027-01-11,89,Bayer Egypt,1,0,Latanoprost,Latanoprost Eye Drops
949,Pregabalin,Pregabalin,Painkillers,Extended-Release Tablet,100mg,190.5,2025-10-10,367,Novartis Egypt,1,0,Pregabalin,Pregabalin
950,Levothyroxine,Levothyroxine,General,Injection,100mg,191.66,2026-03-02,53,Sigma Pharma,1,0,Levothyroxine,Eltroxin
951,Tobramycin Eye Drops,Tobramycin,Drops,Eye Drops,5ml,116.48,2025-06-11,37,Al Debeiky,1,0,Tobramycin,Tobramycin Eye Drops
952,Vitamin B12,Cyanocobalamin,Vitamins & Supplements,Sachet,200mg,151.6,2027-08-31,495,Pharco,1,0,Cyanocobalamin,Vitamin B12
953,Digoxin,Digoxin,Cardiovascular,Tablet,0.25mg,95.43,2025-05-11,27,CID Pharma,1,0,Digoxin,Digoxin
954,Famotidine,Famotidine,Gastrointestinal,Suppository,40mg,125.45,2025-12-06,116,CID Pharma,1,0,Famotidine,Famotidine
955,Famotidine,Famotidine,Gastrointestinal,Capsule,20mg,134.58,2025-11-10,306,Pfizer Egypt,1,0,Famotidine,Famotidine
956,Tacrolimus Ointment,Tacrolimus,Dermatology,Ointment,0.05%,92.59,2025-10-06,351,Amriya Pharma,1,0,Tacrolimus,Tacrolimus Ointment
957,Doxycycline,Doxycycline,Antibiotics,Capsule,400mg,85.75,2025-05-09,183,Al Debeiky,1,0,Doxycycline,Doxycycline
958,Hydrocortisone,Hydrocortisone,General,Film-Coated Tablet,200mg,140.58,2025-08-04,197,EIPICO,1,0,Hydrocortisone,Hydrocortisone
959,Tobramycin Eye Drops,Tobramycin,Drops,Eye Drops,1%,67.02,2026-10-30,490,Sigma Pharma,1,0,Tobramycin,Tobramycin Eye Drops
960,Etoricoxib,Etoricoxib,Painkillers,Injection,75mg,170.92,2027-07-29,287,Sanofi Egypt,1,0,Etoricoxib,Etoricoxib
961,Cyproheptadine,Cyproheptadine,Antihistamines,Film-Coated Tablet,5mg/5ml,202.29,2025-08-28,296,Tabuk Egypt,1,0,Cyproheptadine,Cyproheptadine
962,Iron Drops,Ferrous Sulfate,Kids Medications,Drops,250mg/5ml,161.6,2026-02-24,104,Tabuk Egypt,1,0,Ferrous Sulfate,Iron Drops
963,Sucralfate,Sucralfate,Gastrointestinal,Suspension,500mg,174.86,2025-08-15,428,Medical Union,1,0,Sucralfate,Sucralfate
964,Ceftriaxone,Ceftriaxone,Antibiotics,Capsule,50mg/ml,136.97,2025-12-05,174,Hikma Egypt,1,0,Ceftriaxone,Ceftriaxone
965,Ketorolac,Ketorolac,Painkillers,Capsule,10mg,261.95,2026-03-31,314,Amriya Pharma,1,0,Ketorolac,Ketorolac
966,Ceftriaxone,Ceftriaxone,Antibiotics,Suspension,875/125mg,135.12,2025-09-08,169,CID Pharma,1,0,Ceftriaxone,Ceftriaxone
967,NPH Insulin,Isophane Insulin,Antidiabetics,Injection,850mg,412.4,2026-02-02,298,Bayer Egypt,1,0,Isophane Insulin,Insulatard
968,Warfarin,Warfarin Sodium,General,Film-Coated Tablet,100mg,15.76,2026-11-21,296,EIPICO,1,0,Warfarin Sodium,Warfarin
969,Moxifloxacin Eye Drops,Moxifloxacin,Drops,Eye Drops,0.30%,31.31,2026-06-18,198,Global Napi,1,0,Moxifloxacin,Moxifloxacin Eye Drops
970,Gentamicin Eye Drops,Gentamicin,Drops,Eye Drops,0.10%,139.28,2026-08-01,459,Memphis Pharma,1,0,Gentamicin,Garamycin
971,Clotrimazole Ear Drops,Clotrimazole,Drops,Drops,0.30%,208.6,2026-02-04,345,October Pharma,1,0,Clotrimazole,Clotrimazole Ear Drops
972,Vitamin B6,Pyridoxine,Vitamins & Supplements,Softgel,10mg,207.02,2025-12-31,65,EIPICO,1,0,Pyridoxine,Vitamin B6
973,Permethrin Cream,Permethrin,Dermatology,Cream,5%,245.11,2025-03-18,26,GSK Egypt,1,0,Permethrin,Permethrin Cream
974,Progesterone Vaginal,Micronized Progesterone,Women Health,Patch,5mg,68.86,2025-02-18,458,Eva Pharma,1,0,Micronized Progesterone,Progesterone Vaginal
975,Fexofenadine,Fexofenadine,Antihistamines,Tablet,5mg,59.38,2025-12-22,447,Sigma Pharma,1,0,Fexofenadine,Fexofenadine
976,Calamine Lotion,Calamine,Dermatology,Ointment,1%,250.23,2025-08-24,302,Bayer Egypt,1,0,Calamine,Calamine Lotion
977,Glibenclamide,Glibenclamide,Antidiabetics,Injection,500mg,215.99,2026-02-08,326,Sanofi Egypt,1,0,Glibenclamide,Glibenclamide
978,Warfarin,Warfarin Sodium,General,Injection,20mg,212.6,2026-03-05,262,AstraZeneca Egypt,1,0,Warfarin Sodium,Warfarin
979,Vicks VapoRub,Camphor/Menthol,Cough & Cold,Syrup,100mg,176.35,2026-10-21,464,Hikma Egypt,1,0,Camphor/Menthol,Vicks VapoRub
980,Metoclopramide,Metoclopramide,Gastrointestinal,Suppository,20mg,112.03,2027-05-18,201,October Pharma,1,0,Metoclopramide,Metoclopramide
981,Minoxidil Solution,Minoxidil,Dermatology,Solution,1%,157.12,2027-10-09,4,Al Debeiky,1,0,Minoxidil,Minoxidil Solution
982,Adapalene,Adapalene,Dermatology,Cream,0.03%,152.18,2027-10-09,497,EIPICO,1,0,Adapalene,Adapalene
983,Tretinoin,Tretinoin,Dermatology,Ointment,10%,229.55,2026-11-26,422,Eva Pharma,1,0,Tretinoin,Tretinoin
984,Timolol Eye Drops,Timolol,Drops,Eye Drops,0.30%,190.37,2025-12-27,115,EIPICO,1,0,Timolol,Timolol Eye Drops
985,Diltiazem,Diltiazem,Cardiovascular,Tablet,1mg,493.86,2027-07-29,364,Mina Pharm,1,0,Diltiazem,Diltiazem
986,Levofloxacin,Levofloxacin,Antibiotics,Tablet,250mg,293.61,2026-09-19,477,Medical Union,1,0,Levofloxacin,Tavanic
987,Levofloxacin,Levofloxacin,Antibiotics,Suspension,250mg,293.96,2025-04-26,129,Mina Pharm,1,0,Levofloxacin,Tavanic
988,Azelastine Nasal,Azelastine,Antihistamines,Nasal Spray,120mg,207.2,2025-07-10,353,Mina Pharm,1,0,Azelastine,Azelastine Nasal
989,Azithromycin,Azithromycin,Antibiotics,Tablet,1g,177.61,2026-06-02,264,Pfizer Egypt,1,1,Azithromycin,Azithromycin
990,Augmentin Suspension,Amoxicillin/Clavulanate,Kids Medications,Syrup,120mg/5ml,128.09,2027-02-02,134,October Pharma,1,0,Amoxicillin/Clavulanate,Augmentin Suspension
991,Salicylic Acid,Salicylic Acid,Dermatology,Gel,1%,60.21,2025-05-18,148,Sigma Pharma,1,0,Salicylic Acid,Salicylic Acid
992,Tramadol 50mg,Tramadol HCl,Painkillers,Patch,200mg,85.76,2027-05-03,104,GSK Egypt,1,0,Tramadol HCl,Tramadol 50mg
993,Gabapentin,Gabapentin,Painkillers,Extended-Release Tablet,10mg,210.18,2025-09-27,162,Sigma Pharma,1,0,Gabapentin,Gabapentin
994,Spironolactone,Spironolactone,General,Injection,200mg,200.23,2026-07-31,257,Novartis Egypt,1,0,Spironolactone,Aldactone
995,Isoniazid,Isoniazid,Antibiotics,Injection,1g,229.35,2025-06-26,163,Hikma Egypt,1,0,Isoniazid,Isoniazid
996,Allopurinol,Allopurinol,General,Injection,500mg,247.46,2025-10-18,322,Eva Pharma,1,0,Allopurinol,Zyloric
997,Cetirizine Syrup,Cetirizine,Kids Medications,Syrup,200mg/5ml,36.91,2026-10-29,440,Eva Pharma,1,1,Cetirizine,Cetirizine Syrup
998,Gliclazide,Gliclazide,Antidiabetics,Pen Injector,1000mg,386.98,2027-07-14,334,October Pharma,1,0,Gliclazide,Gliclazide
999,Carbimazole,Carbimazole,General,Tablet,500mg,41.99,2027-04-26,235,Hikma Egypt,1,0,Carbimazole,Carbimazole
1000,Cetirizine,Cetirizine,Antihistamines,Nasal Spray,120mg,225.5,2027-07-01,411,Bayer Egypt,1,1,Cetirizine,Cetirizine
1001,Ceftriaxone,Ceftriaxone,Antibiotics,Tablet,875/125mg,281.16,2025-06-27,42,Amriya Pharma,1,0,Ceftriaxone,Ceftriaxone
1002,Levothyroxine,Levothyroxine,General,Injection,5mg,236.66,2027-08-24,22,Amriya Pharma,1,0,Levothyroxine,Eltroxin
1003,Montelukast,Montelukast,Cough & Cold,Nasal Spray,15mg/5ml,88.45,2026-02-11,412,AstraZeneca Egypt,1,0,Montelukast,Montelukast
1004,Spironolactone,Spironolactone,General,Capsule,40mg,119.3,2027-04-22,400,October Pharma,1,0,Spironolactone,Aldactone
1005,Ciprofloxacin Eye Drops,Ciprofloxacin,Drops,Eye Drops,0.50%,72.41,2027-10-06,133,Hikma Egypt,1,1,Ciprofloxacin,Ciprofloxacin Eye Drops
1006,Montelukast Granules,Montelukast,Kids Medications,Granules,5mg/5ml,115.72,2027-10-03,384,Sanofi Egypt,1,0,Montelukast,Montelukast Granules
1007,Probiotics,Lactobacillus,Vitamins & Supplements,Effervescent Tablet,500mg,151.24,2026-07-22,464,Al Debeiky,1,0,Lactobacillus,Probiotics
1008,Adapalene,Adapalene,Dermatology,Gel,5%,198.38,2027-07-28,268,Eva Pharma,1,0,Adapalene,Adapalene
1009,Nitroglycerin,Glyceryl Trinitrate,Cardiovascular,Sublingual Tablet,2.5mg,220.88,2026-05-18,212,Mina Pharm,1,0,Glyceryl Trinitrate,Nitroglycerin
1010,Empagliflozin,Empagliflozin,Antidiabetics,Injection,5mg,112.83,2027-05-28,7,Bayer Egypt,1,0,Empagliflozin,Empagliflozin
1011,Pregabalin,Pregabalin,Painkillers,Suppository,500mg,77.49,2026-07-07,309,Sanofi Egypt,1,0,Pregabalin,Pregabalin
1012,Vitamin D Drops,Cholecalciferol,Kids Medications,Drops,120mg/5ml,32,2027-02-10,219,Amriya Pharma,1,0,Cholecalciferol,Vitamin D Drops
1013,Simvastatin,Simvastatin,Cardiovascular,Injection,50mg,187.04,2025-10-07,362,Memphis Pharma,1,0,Simvastatin,Simvastatin
1014,Vitamin C,Ascorbic Acid,Vitamins & Supplements,Capsule,500mg,57.73,2025-05-03,59,Pfizer Egypt,1,1,Ascorbic Acid,Vitamin C
1015,Mometasone Nasal,Mometasone,Cough & Cold,Nasal Spray,15mg/5ml,84.31,2025-10-14,155,EIPICO,1,0,Mometasone,Mometasone Nasal
1016,Clopidogrel,Clopidogrel,Cardiovascular,Sublingual Tablet,40mg,265.66,2026-08-24,442,Tabuk Egypt,1,1,Clopidogrel,Clopidogrel
1017,Oxytocin,Oxytocin,Women Health,Tablet,500mcg,100.87,2025-02-04,387,Hikma Egypt,1,0,Oxytocin,Oxytocin
1018,Folic Acid 5mg,Folic Acid,Women Health,Patch,350mcg,168.46,2025-06-13,388,Sanofi Egypt,1,0,Folic Acid,Folicap
1019,Esomeprazole,Esomeprazole,Gastrointestinal,Suspension,10mg,197.99,2026-09-06,336,AstraZeneca Egypt,1,0,Esomeprazole,Esomeprazole
1020,Cetirizine Syrup,Cetirizine,Kids Medications,Syrup,10mg/ml,175.22,2025-10-26,421,Sigma Pharma,1,1,Cetirizine,Cetirizine Syrup
1021,Clomiphene,Clomiphene Citrate,Women Health,Vaginal Tablet,1.5mg,371.78,2026-09-14,191,Medical Union,1,0,Clomiphene Citrate,Clomiphene
1022,Levofloxacin,Levofloxacin,Antibiotics,Capsule,125mg/5ml,330.64,2025-08-30,19,Memphis Pharma,1,0,Levofloxacin,Tavanic
1023,Esomeprazole,Esomeprazole,Gastrointestinal,Capsule,40mg,16.57,2027-03-06,284,October Pharma,1,0,Esomeprazole,Esomeprazole
1024,Timolol Eye Drops,Timolol,Drops,Eye Drops,0.30%,78.57,2025-05-13,94,Bayer Egypt,1,0,Timolol,Timolol Eye Drops
1025,Ciprofloxacin Ear Drops,Ciprofloxacin,Drops,Drops,10ml,247.49,2026-03-14,21,Pfizer Egypt,1,1,Ciprofloxacin,Ciprofloxacin Ear Drops
1026,Ketotifen,Ketotifen,Antihistamines,Nasal Spray,1mg,98.53,2026-02-25,207,Amriya Pharma,1,0,Ketotifen,Ketotifen
1027,Clomiphene,Clomiphene Citrate,Women Health,Patch,5mg,142.21,2025-11-30,304,Hikma Egypt,1,0,Clomiphene Citrate,Clomiphene
1028,Atenolol,Atenolol,Cardiovascular,Extended-Release Tablet,2.5mg,245.34,2027-02-22,100,Amriya Pharma,1,0,Atenolol,Atenolol
1029,Trimethoprim/Sulfamethoxazole,Co-trimoxazole,Antibiotics,Capsule,125mg/5ml,71.72,2026-11-03,405,AstraZeneca Egypt,1,0,Co-trimoxazole,Trimethoprim/Sulfamethoxazole
1030,Bilastine,Bilastine,Antihistamines,Syrup,5mg,109.09,2027-02-22,283,GSK Egypt,1,0,Bilastine,Bilastine
1031,Ibuprofen,Ibuprofen,General,Capsule,50mg,55.92,2025-07-31,60,AstraZeneca Egypt,1,1,Ibuprofen,Brufen
1032,Insulin Lispro,Insulin Lispro,Antidiabetics,Injection,1000mg,467.88,2027-09-05,158,Sigma Pharma,1,0,Insulin Lispro,Humalog
1033,Hydrocortisone,Hydrocortisone,General,Injection,20mg,189.53,2026-01-12,302,October Pharma,1,0,Hydrocortisone,Hydrocortisone
1034,Sitagliptin,Sitagliptin,Antidiabetics,Film-Coated Tablet,5mg,206.63,2026-07-27,199,Tabuk Egypt,1,0,Sitagliptin,Januvia
1035,Zinc Syrup,Zinc Sulfate,Kids Medications,Syrup,10mg/ml,117.37,2025-07-06,416,GSK Egypt,1,0,Zinc Sulfate,Zinc Syrup
1036,Salbutamol Inhaler,Salbutamol,Cough & Cold,Tablet,600mg,132.56,2026-06-11,315,Mina Pharm,1,1,Salbutamol,Salbutamol Inhaler
1037,Paracetamol,Paracetamol,General,Capsule,5mg,87.06,2026-05-04,247,Global Napi,1,1,Paracetamol,Panadol
1038,Omeprazole,Omeprazole,Gastrointestinal,Capsule,1g,162.37,2027-09-27,416,GSK Egypt,1,1,Omeprazole,Omeprazole
1039,Lactulose,Lactulose,Gastrointestinal,Suspension,40mg,138.94,2025-11-06,37,Eva Pharma,1,0,Lactulose,Duphalac
1040,Pioglitazone,Pioglitazone,Antidiabetics,Pen Injector,1.34mg/ml,162,2026-05-25,475,Sigma Pharma,1,0,Pioglitazone,Actos
1041,Cephalexin,Cefalexin,Antibiotics,Capsule,200mg,322.52,2025-11-16,420,Pfizer Egypt,1,0,Cefalexin,Keflex
1042,Mometasone Nasal,Mometasone,Cough & Cold,Nasal Spray,6mg,112.24,2025-07-18,114,EIPICO,1,0,Mometasone,Mometasone Nasal
1043,Coenzyme Q10,Ubiquinone,Vitamins & Supplements,Effervescent Tablet,10mg,124.52,2027-10-18,24,Bayer Egypt,1,0,Ubiquinone,Coenzyme Q10
1044,Permethrin Cream,Permethrin,Dermatology,Cream,0.05%,38.38,2026-04-04,187,Medical Union,1,0,Permethrin,Permethrin Cream
1045,Bilastine,Bilastine,Antihistamines,Film-Coated Tablet,180mg,153.35,2027-01-07,179,Tabuk Egypt,1,0,Bilastine,Bilastine
1046,Dextromethorphan,Dextromethorphan,Cough & Cold,Lozenges,0.10%,55.16,2027-07-12,325,Hikma Egypt,1,0,Dextromethorphan,Dextromethorphan
1047,Estradiol Patch,Estradiol,Women Health,Patch,1.5mg,353.65,2026-02-26,380,Amriya Pharma,1,0,Estradiol,Estradiol Patch
1048,Oxytocin,Oxytocin,Women Health,Pessary,150mcg/30mcg,198.15,2026-10-25,191,Eva Pharma,1,0,Oxytocin,Oxytocin
1049,Ibuprofen Syrup,Ibuprofen,Kids Medications,Syrup,100mg/5ml,166.37,2027-09-20,21,Memphis Pharma,1,1,Ibuprofen,Brufen
1050,Prednisolone Eye Drops,Prednisolone,Drops,Eye Drops,5ml,55.23,2027-04-01,494,Al Debeiky,1,0,Prednisolone,Prednisolone Eye Drops
1051,Coenzyme Q10,Ubiquinone,Vitamins & Supplements,Effervescent Tablet,1000IU,159.78,2025-06-28,167,Bayer Egypt,1,0,Ubiquinone,Coenzyme Q10
1052,Iron Supplement,Ferrous Sulfate,Vitamins & Supplements,Effervescent Tablet,1000IU,251.03,2026-06-14,290,Mina Pharm,1,0,Ferrous Sulfate,Iron Supplement
1053,Coal Tar Shampoo,Coal Tar,Dermatology,Shampoo,0.10%,222.61,2026-09-04,444,October Pharma,1,0,Coal Tar,Coal Tar Shampoo
1054,Clotrimazole Ear Drops,Clotrimazole,Drops,Drops,0.01%,123.1,2026-08-01,125,EIPICO,1,0,Clotrimazole,Clotrimazole Ear Drops
1055,Dapagliflozin,Dapagliflozin,Antidiabetics,Extended-Release Tablet,10mg,97.64,2026-12-01,235,Novartis Egypt,1,1,Dapagliflozin,Dapagliflozin
1056,Cold & Flu Combo,Paracetamol/Pseudoephedrine,Cough & Cold,Tablet,15mg/5ml,43.2,2027-01-15,443,Global Napi,1,0,Paracetamol/Pseudoephedrine,Cold & Flu Combo
1057,Brimonidine Eye Drops,Brimonidine,Drops,Eye Drops,0.10%,258.06,2027-09-25,174,GSK Egypt,1,0,Brimonidine,Brimonidine Eye Drops
1058,Hydrocortisone Cream,Hydrocortisone,Dermatology,Cream,2.50%,236.07,2025-09-27,30,GSK Egypt,1,0,Hydrocortisone,Hydrocortisone Cream
1059,Azelastine Nasal,Azelastine,Antihistamines,Nasal Spray,5mg,30.2,2027-10-09,20,Sanofi Egypt,1,0,Azelastine,Azelastine Nasal
1060,Ear Wax Softener,Docusate Sodium,Drops,Eye Drops,0.01%,213.22,2026-02-24,37,Global Napi,1,0,Docusate Sodium,Ear Wax Softener
1061,Tamoxifen,Tamoxifen,General,Film-Coated Tablet,1g,55.51,2027-01-03,68,Global Napi,1,0,Tamoxifen,Tamoxifen
1062,Tacrolimus Ointment,Tacrolimus,Dermatology,Ointment,10%,247.88,2025-12-30,442,Eva Pharma,1,0,Tacrolimus,Tacrolimus Ointment
1063,Pantoprazole,Pantoprazole,Gastrointestinal,Suppository,15mlsachet,43.42,2025-08-09,215,Global Napi,1,1,Pantoprazole,Pantoprazole
1064,Mefenamic Acid,Mefenamic Acid,Painkillers,Capsule,500mg,95.06,2026-08-27,317,GSK Egypt,1,0,Mefenamic Acid,Mefenamic Acid
1065,Ibuprofen 400mg,Ibuprofen,Painkillers,Tablet,75mg,295.41,2026-12-19,39,Al Debeiky,1,1,Ibuprofen,Brufen
1066,Timolol Eye Drops,Timolol,Drops,Eye Drops,10ml,40.08,2026-11-03,99,Memphis Pharma,1,0,Timolol,Timolol Eye Drops
1067,Fluconazole,Fluconazole,Antibiotics,Injection,125mg/5ml,236.63,2025-06-11,345,Sanofi Egypt,1,0,Fluconazole,Fluconazole
1068,Noscapine,Noscapine,Cough & Cold,Inhaler,30mg,127.81,2026-09-04,264,Hikma Egypt,1,0,Noscapine,Noscapine
1069,Dexamethasone,Dexamethasone,General,Capsule,200mg,208.25,2027-07-02,301,Memphis Pharma,1,0,Dexamethasone,Dexamethasone
1070,Hydroxyzine,Hydroxyzine,Antihistamines,Capsule,10mg,28.25,2025-10-10,384,Amriya Pharma,1,0,Hydroxyzine,Hydroxyzine
1071,Atenolol,Atenolol,Cardiovascular,Injection,25mg,132.18,2027-10-11,490,Amriya Pharma,1,0,Atenolol,Atenolol
1072,Vitamin C,Ascorbic Acid,Vitamins & Supplements,Tablet,1000mcg,139.36,2027-01-05,198,Mina Pharm,1,1,Ascorbic Acid,Vitamin C
1073,Ambroxol,Ambroxol,Cough & Cold,Tablet,15mg/5ml,114.74,2025-06-20,72,Global Napi,1,1,Ambroxol,Ambroxol
1074,Ondansetron Syrup,Ondansetron,Kids Medications,Syrup,5mg/5ml,189.06,2025-03-18,437,Medical Union,1,1,Ondansetron,Ondansetron Syrup
1075,Collagen,Hydrolyzed Collagen,Vitamins & Supplements,Capsule,1000IU,129.39,2026-08-02,342,Sigma Pharma,1,0,Hydrolyzed Collagen,Collagen
1076,Prednisolone Eye Drops,Prednisolone,Drops,Eye Drops,0.01%,219.95,2025-10-03,500,Hikma Egypt,1,0,Prednisolone,Prednisolone Eye Drops
1077,Acetylcysteine,N-Acetylcysteine,Cough & Cold,Syrup,0.10%,39.85,2027-09-08,93,Sigma Pharma,1,0,N-Acetylcysteine,Acetylcysteine
1078,Rosuvastatin,Rosuvastatin,Cardiovascular,Capsule,10mg,417.04,2027-03-23,500,Memphis Pharma,1,0,Rosuvastatin,Crestor
1079,Clobetasol Cream,Clobetasol,Dermatology,Cream,10%,173.7,2027-08-04,87,Pharco,1,0,Clobetasol,Clobetasol Cream
1080,Ketotifen,Ketotifen,Antihistamines,Tablet,25mg,221.97,2026-03-05,342,Pfizer Egypt,1,0,Ketotifen,Ketotifen
1081,Ezetimibe,Ezetimibe,Cardiovascular,Injection,25mg,350.84,2026-12-09,253,Mina Pharm,1,0,Ezetimibe,Ezetimibe
1082,Cetirizine,Cetirizine,Antihistamines,Nasal Spray,25mg,122.87,2026-10-08,469,Al Debeiky,1,1,Cetirizine,Cetirizine
1083,Clotrimazole Ear Drops,Clotrimazole,Drops,Drops,5ml,183.32,2025-06-21,83,Bayer Egypt,1,0,Clotrimazole,Clotrimazole Ear Drops
1084,Raloxifene,Raloxifene,Women Health,Vaginal Tablet,5mg,379.72,2025-05-11,140,Tabuk Egypt,1,0,Raloxifene,Raloxifene
1085,Clarithromycin,Clarithromycin,Antibiotics,Injection,875/125mg,322.63,2026-01-11,424,Amriya Pharma,1,0,Clarithromycin,Clarithromycin
1086,Mometasone Cream,Mometasone,Dermatology,Cream,0.10%,205.64,2026-03-19,5,Eva Pharma,1,0,Mometasone,Mometasone Cream
1087,Clindamycin,Clindamycin,Antibiotics,Suspension,875/125mg,250.8,2027-09-06,487,Pharco,1,0,Clindamycin,Clindamycin
1088,Aspirin,Aspirin,General,Tablet,20mg,61.88,2027-02-09,45,October Pharma,1,0,Aspirin,Aspirin
1089,Finasteride,Finasteride,General,Tablet,40mg,89.99,2025-10-25,324,Eva Pharma,1,0,Finasteride,Proscar
1090,Vitamin B6,Pyridoxine,Vitamins & Supplements,Effervescent Tablet,1000IU,101.77,2027-01-04,323,Bayer Egypt,1,0,Pyridoxine,Vitamin B6
1091,Vitamin B Complex,B-Complex,Vitamins & Supplements,Sachet,10mg,105.31,2027-10-17,247,Novartis Egypt,1,0,B-Complex,Vitamin B Complex
1092,Clindamycin Gel,Clindamycin,Dermatology,Lotion,2.50%,89.26,2025-10-14,449,Al Debeiky,1,0,Clindamycin,Clindamycin Gel
1093,Hyoscine,Hyoscine Butylbromide,Gastrointestinal,Suppository,1g,59.18,2026-11-21,390,Medical Union,1,0,Hyoscine Butylbromide,Hyoscine
1094,Ciprofloxacin Eye Drops,Ciprofloxacin,Drops,Eye Drops,0.30%,227.34,2026-09-08,328,Global Napi,1,1,Ciprofloxacin,Ciprofloxacin Eye Drops
1095,ORS Sachets,Oral Rehydration Salts,Kids Medications,Syrup,200mg/5ml,97.72,2026-06-04,468,Novartis Egypt,1,0,Oral Rehydration Salts,ORS Sachets
1096,Levofloxacin,Levofloxacin,Antibiotics,Injection,125mg/5ml,285.13,2026-09-02,361,Hikma Egypt,1,0,Levofloxacin,Tavanic
1097,Combined OCP,Ethinylestradiol/Levonorgestrel,Women Health,Pessary,100mg,222.83,2027-08-29,112,AstraZeneca Egypt,1,0,Ethinylestradiol/Levonorgestrel,Combined OCP
1098,Mometasone Cream,Mometasone,Dermatology,Cream,2%,50.32,2027-07-03,372,Sanofi Egypt,1,0,Mometasone,Mometasone Cream
1099,Adapalene,Adapalene,Dermatology,Shampoo,2.50%,77.55,2026-06-01,466,EIPICO,1,0,Adapalene,Adapalene
1100,Lisinopril,Lisinopril,Cardiovascular,Injection,50mg,362,2026-04-15,367,Novartis Egypt,1,0,Lisinopril,Lisinopril
1101,Tretinoin,Tretinoin,Dermatology,Shampoo,10%,138.32,2025-11-24,297,Sanofi Egypt,1,0,Tretinoin,Tretinoin
1102,Pantoprazole,Pantoprazole,Gastrointestinal,Suppository,1g,89.26,2027-01-21,438,Sanofi Egypt,1,1,Pantoprazole,Pantoprazole
1103,Clobetasol Cream,Clobetasol,Dermatology,Cream,5%,268.14,2025-06-07,350,Novartis Egypt,1,0,Clobetasol,Clobetasol Cream
1104,Terbinafine Cream,Terbinafine,Dermatology,Cream,2.50%,229.06,2026-10-25,170,Medical Union,1,0,Terbinafine,Terbinafine Cream
1105,Clomiphene,Clomiphene Citrate,Women Health,Capsule,100mg,216.32,2026-01-12,28,Novartis Egypt,1,0,Clomiphene Citrate,Clomiphene
1106,Cyproheptadine,Cyproheptadine,Antihistamines,Syrup,5mg,170.04,2026-06-17,284,October Pharma,1,0,Cyproheptadine,Cyproheptadine
1107,Domperidone Suspension,Domperidone,Kids Medications,Syrup,100mg/5ml,194.08,2027-07-18,109,October Pharma,1,1,Domperidone,Domperidone Suspension
1108,Gentamicin,Gentamicin,Antibiotics,Capsule,250mg,140.4,2027-01-28,445,Eva Pharma,1,0,Gentamicin,Garamycin
1109,Losartan,Losartan,Cardiovascular,Capsule,25mg,427.17,2025-09-30,336,Memphis Pharma,1,0,Losartan,Cozaar
1110,Tibolone,Tibolone,Women Health,Vaginal Tablet,350mcg,230.57,2026-01-20,5,AstraZeneca Egypt,1,0,Tibolone,Tibolone
1111,ORS Sachets,Oral Rehydration Salts,Kids Medications,Drops,100mg/5ml,67.13,2026-03-04,497,Eva Pharma,1,0,Oral Rehydration Salts,ORS Sachets
1112,Cyproheptadine,Cyproheptadine,Antihistamines,Capsule,5mg/5ml,154.26,2027-08-17,138,Medical Union,1,0,Cyproheptadine,Cyproheptadine
1113,Fluticasone Nasal,Fluticasone,Cough & Cold,Nasal Spray,600mg,145.78,2026-08-07,51,Hikma Egypt,1,0,Fluticasone,Fluticasone Nasal
1114,Ketotifen,Ketotifen,Antihistamines,Film-Coated Tablet,5mg,156.74,2026-04-20,396,Al Debeiky,1,0,Ketotifen,Ketotifen
1115,Desloratadine,Desloratadine,Antihistamines,Capsule,5mg/5ml,146.94,2027-09-01,86,Memphis Pharma,1,0,Desloratadine,Desloratadine
1116,Emergency Contraception,Levonorgestrel 1.5mg,Women Health,Patch,1.5mg,280.65,2026-01-28,7,Sanofi Egypt,1,0,Levonorgestrel 1.5mg,Emergency Contraception
1117,Fluconazole Vaginal,Fluconazole,Women Health,Tablet,100mg,275.51,2027-03-11,357,Tabuk Egypt,1,0,Fluconazole,Fluconazole Vaginal
1118,Hydrocortisone,Hydrocortisone,General,Injection,20mg,194.61,2025-11-18,434,Tabuk Egypt,1,0,Hydrocortisone,Hydrocortisone
1119,Nasal Saline Drops,Sodium Chloride 0.9%,Drops,Nasal Spray,5ml,150.84,2026-06-14,316,Tabuk Egypt,1,0,Sodium Chloride 0.9%,Nasal Saline Drops
1120,Mometasone Cream,Mometasone,Dermatology,Cream,1%,232.36,2026-05-05,54,Eva Pharma,1,0,Mometasone,Mometasone Cream
1121,Raloxifene,Raloxifene,Women Health,Pessary,100mg,34.24,2027-09-13,402,CID Pharma,1,0,Raloxifene,Raloxifene
1122,Mefenamic Acid,Mefenamic Acid,Painkillers,Extended-Release Tablet,10mg,120.98,2025-12-16,457,October Pharma,1,0,Mefenamic Acid,Mefenamic Acid
1123,Dydrogesterone,Dydrogesterone,Women Health,Vaginal Tablet,2mg,280.19,2026-09-06,123,Pfizer Egypt,1,0,Dydrogesterone,Duphaston
1124,Bisacodyl,Bisacodyl,Gastrointestinal,Suppository,20mg,75.1,2026-04-21,448,Sanofi Egypt,1,0,Bisacodyl,Bisacodyl
1125,Rifampicin,Rifampicin,Antibiotics,Powder for Injection,875/125mg,214.75,2025-08-18,407,Eva Pharma,1,0,Rifampicin,Rifampicin
1126,Vitamin E,Tocopherol,Vitamins & Supplements,Sachet,10mg,246.78,2025-06-03,338,Medical Union,1,0,Tocopherol,Vitamin E
1127,Calcium,Calcium Carbonate,Vitamins & Supplements,Effervescent Tablet,1000mcg,172.66,2025-10-24,388,Sigma Pharma,1,0,Calcium Carbonate,Calcium
1128,Ketorolac,Ketorolac,Painkillers,Capsule,50mg,282.36,2026-12-16,212,Al Debeiky,1,0,Ketorolac,Ketorolac
1129,Loratadine,Loratadine,Antihistamines,Film-Coated Tablet,5mg,41.07,2026-06-27,260,October Pharma,1,1,Loratadine,Loratadine
1130,Guaifenesin,Guaifenesin,Cough & Cold,Lozenges,15mg/5ml,146.88,2027-07-28,352,EIPICO,1,0,Guaifenesin,Guaifenesin
1131,Cephalexin,Cefalexin,Antibiotics,Suspension,200mg,40.85,2026-10-05,292,CID Pharma,1,0,Cefalexin,Keflex
1132,Allopurinol,Allopurinol,General,Injection,100mg,209.16,2026-12-24,362,Memphis Pharma,1,0,Allopurinol,Zyloric
1133,Brimonidine Eye Drops,Brimonidine,Drops,Eye Drops,0.01%,70.86,2026-02-09,332,Hikma Egypt,1,0,Brimonidine,Brimonidine Eye Drops
1134,Amiodarone,Amiodarone,Cardiovascular,Extended-Release Tablet,1mg,425.91,2027-06-15,367,Pharco,1,0,Amiodarone,Amiodarone
1135,Ciprofloxacin,Ciprofloxacin,Antibiotics,Tablet,250mg,282.86,2027-03-06,353,Amriya Pharma,1,1,Ciprofloxacin,Ciprofloxacin
1136,Budesonide Nasal,Budesonide,Cough & Cold,Nasal Spray,6mg,35.24,2025-06-13,148,Global Napi,1,0,Budesonide,Budesonide Nasal
1137,Diphenhydramine,Diphenhydramine,Antihistamines,Tablet,180mg,99.1,2025-09-22,461,Hikma Egypt,1,0,Diphenhydramine,Benadryl
1138,Pseudoephedrine,Pseudoephedrine,Cough & Cold,Lozenges,6mg,143.03,2027-10-15,74,Novartis Egypt,1,0,Pseudoephedrine,Pseudoephedrine
1139,Simethicone,Simethicone,Gastrointestinal,Syrup,1g,84.23,2025-03-12,388,Sigma Pharma,1,0,Simethicone,Simethicone
1140,Oxytocin,Oxytocin,Women Health,Injection,150mcg/30mcg,216.93,2027-05-21,488,Novartis Egypt,1,0,Oxytocin,Oxytocin
1141,Progesterone Only Pill,Levonorgestrel,Women Health,Tablet,150mcg/30mcg,213.15,2027-01-31,301,Tabuk Egypt,1,0,Levonorgestrel,Progesterone Only Pill
1142,Melatonin,Melatonin,Vitamins & Supplements,Effervescent Tablet,100mg,243.56,2026-02-10,349,GSK Egypt,1,0,Melatonin,Melatonin
1143,Clotrimazole Pessary,Clotrimazole,Women Health,Vaginal Tablet,5mg,115.78,2025-07-16,99,Pfizer Egypt,1,0,Clotrimazole,Clotrimazole Pessary
1144,Isoniazid,Isoniazid,Antibiotics,Injection,250mg,58.09,2026-06-08,340,CID Pharma,1,0,Isoniazid,Isoniazid
1145,Canagliflozin,Canagliflozin,Antidiabetics,Pen Injector,10mg,52.83,2026-07-17,438,Tabuk Egypt,1,0,Canagliflozin,Canagliflozin
1146,Lisinopril,Lisinopril,Cardiovascular,Injection,100mg,260.11,2025-09-05,337,GSK Egypt,1,0,Lisinopril,Lisinopril
1147,Loperamide,Loperamide,Gastrointestinal,Suppository,40mg,106.28,2027-08-28,384,Global Napi,1,0,Loperamide,Loperamide
1148,Lisinopril,Lisinopril,Cardiovascular,Extended-Release Tablet,10mg,207.94,2026-01-24,102,Sanofi Egypt,1,0,Lisinopril,Lisinopril
1149,Mometasone Nasal,Mometasone,Cough & Cold,Nasal Spray,0.10%,161.55,2025-12-20,118,GSK Egypt,1,0,Mometasone,Mometasone Nasal
1150,Carbocisteine,Carbocisteine,Cough & Cold,Nasal Spray,60mg,171.69,2025-09-15,245,Pharco,1,0,Carbocisteine,Carbocisteine
1151,Losartan,Losartan,Cardiovascular,Capsule,1mg,218.45,2027-03-06,299,CID Pharma,1,0,Losartan,Cozaar
1152,Olopatadine,Olopatadine,Antihistamines,Nasal Spray,120mg,149.36,2027-09-02,94,Hikma Egypt,1,0,Olopatadine,Olopatadine
1153,Progesterone Only Pill,Levonorgestrel,Women Health,Vaginal Tablet,150mcg/30mcg,73.15,2026-12-30,294,GSK Egypt,1,0,Levonorgestrel,Progesterone Only Pill
1154,Salicylic Acid,Salicylic Acid,Dermatology,Shampoo,0.03%,209.73,2025-06-01,216,Sigma Pharma,1,0,Salicylic Acid,Salicylic Acid
1155,ORS,Oral Rehydration Salts,Gastrointestinal,Sachet,10mg,183.89,2025-02-21,444,Sigma Pharma,1,0,Oral Rehydration Salts,ORS
1156,Alendronate,Alendronate,Women Health,Vaginal Tablet,150mcg/30mcg,56.19,2026-03-07,136,Novartis Egypt,1,0,Alendronate,Alendronate
1157,Metronidazole,Metronidazole,Antibiotics,Capsule,200mg,336.98,2025-09-23,497,Sanofi Egypt,1,0,Metronidazole,Metronidazole
1158,Tamoxifen,Tamoxifen,General,Injection,500mg,148.86,2026-07-30,36,Global Napi,1,0,Tamoxifen,Tamoxifen
1159,Semaglutide,Semaglutide,Antidiabetics,Extended-Release Tablet,10mcg,587.94,2026-02-04,429,Bayer Egypt,1,1,Semaglutide,Ozempic
1160,Losartan,Losartan,Cardiovascular,Sublingual Tablet,50mg,381.61,2027-10-11,405,Bayer Egypt,1,0,Losartan,Cozaar
1161,Valsartan,Valsartan,Cardiovascular,Injection,1mg,290.77,2025-05-12,163,Global Napi,1,0,Valsartan,Valsartan
1162,Ketorolac,Ketorolac,Painkillers,Extended-Release Tablet,75mg,105.54,2025-06-11,331,Mina Pharm,1,0,Ketorolac,Ketorolac
1163,Moxifloxacin Eye Drops,Moxifloxacin,Drops,Eye Drops,5ml,130.9,2025-02-28,453,Medical Union,1,0,Moxifloxacin,Moxifloxacin Eye Drops
1164,Vitamin K,Phytonadione,Vitamins & Supplements,Tablet,400IU,261.49,2026-01-20,272,Hikma Egypt,1,0,Phytonadione,Vitamin K
1165,Mometasone Nasal,Mometasone,Cough & Cold,Nasal Spray,6mg,30.08,2025-07-20,21,October Pharma,1,0,Mometasone,Mometasone Nasal
1166,Probiotics,Lactobacillus,Vitamins & Supplements,Sachet,1000mcg,111.82,2027-06-28,112,Hikma Egypt,1,0,Lactobacillus,Probiotics
1167,Tizanidine,Tizanidine,Painkillers,Suppository,10mg,27.63,2025-04-14,303,Bayer Egypt,1,0,Tizanidine,Tizanidine
1168,Urea Cream,Urea,Dermatology,Cream,10%,218.79,2027-03-03,352,Medical Union,1,0,Urea,Urea Cream
1169,Hydroxyzine,Hydroxyzine,Antihistamines,Capsule,180mg,22.78,2026-04-12,240,Sanofi Egypt,1,0,Hydroxyzine,Hydroxyzine
1170,Azithromycin,Azithromycin,Antibiotics,Capsule,50mg/ml,178.69,2027-02-23,3,Hikma Egypt,1,1,Azithromycin,Azithromycin
1171,Cetirizine,Cetirizine,Antihistamines,Capsule,180mg,43.35,2027-03-09,443,Amriya Pharma,1,1,Cetirizine,Cetirizine
1172,Nifedipine,Nifedipine,Cardiovascular,Tablet,0.25mg,125.56,2025-10-20,241,GSK Egypt,1,0,Nifedipine,Nifedipine
1173,Baclofen,Baclofen,Painkillers,Injection,500mg,289.26,2025-07-14,371,Sigma Pharma,1,0,Baclofen,Baclofen
1174,Nifedipine,Nifedipine,Cardiovascular,Tablet,20mg,394.03,2025-09-12,154,Medical Union,1,0,Nifedipine,Nifedipine
1175,Codeine,Codeine Phosphate,Painkillers,Capsule,75mg,218.6,2027-01-21,150,CID Pharma,1,0,Codeine Phosphate,Codeine
1176,Benzoyl Peroxide,Benzoyl Peroxide,Dermatology,Solution,2.50%,134.45,2025-04-04,335,Medical Union,1,0,Benzoyl Peroxide,Benzoyl Peroxide
1177,Ipratropium Inhaler,Ipratropium,Cough & Cold,Sachet,100mg,176.86,2025-03-07,68,Memphis Pharma,1,0,Ipratropium,Ipratropium Inhaler
1178,Atenolol,Atenolol,Cardiovascular,Sublingual Tablet,5mg,425.93,2026-09-23,30,October Pharma,1,0,Atenolol,Atenolol
1179,Dexamethasone Eye Drops,Dexamethasone,Drops,Eye Drops,5ml,63.37,2026-08-16,181,Eva Pharma,1,0,Dexamethasone,Dexamethasone Eye Drops
1180,Digoxin,Digoxin,Cardiovascular,Sublingual Tablet,0.25mg,85.96,2025-11-04,80,Eva Pharma,1,0,Digoxin,Digoxin
1181,Chloramphenicol Eye Drops,Chloramphenicol,Drops,Eye Drops,0.01%,213.82,2025-09-16,233,Memphis Pharma,1,0,Chloramphenicol,Chloramphenicol Eye Drops
1182,Urea Cream,Urea,Dermatology,Cream,0.50%,280.48,2027-06-26,233,Sanofi Egypt,1,0,Urea,Urea Cream
1183,Atorvastatin,Atorvastatin,Cardiovascular,Capsule,1mg,384.03,2026-04-26,70,Amriya Pharma,1,1,Atorvastatin,Atorvastatin
1184,Nystatin Oral Drops,Nystatin,Kids Medications,Drops,10mg/ml,59.6,2025-02-12,465,Global Napi,1,0,Nystatin,Nystatin Oral Drops
1185,Diclofenac 50mg,Diclofenac Sodium,Painkillers,Injection,400mg,177.72,2026-07-17,359,CID Pharma,1,0,Diclofenac Sodium,Voltaren
1186,Alendronate,Alendronate,Women Health,Tablet,150mcg/30mcg,91.49,2025-04-12,420,Sigma Pharma,1,0,Alendronate,Alendronate
1187,Chlorpheniramine,Chlorpheniramine,Antihistamines,Nasal Spray,10mg,38.27,2026-08-06,297,EIPICO,1,0,Chlorpheniramine,Chlorpheniramine
1188,Clobetasol Cream,Clobetasol,Dermatology,Cream,2.50%,90.31,2025-03-07,42,Hikma Egypt,1,0,Clobetasol,Clobetasol Cream
1189,Enalapril,Enalapril,Cardiovascular,Capsule,40mg,192.2,2025-06-11,328,Al Debeiky,1,0,Enalapril,Enalapril
1190,Magnesium Sulfate,Magnesium Sulfate,Women Health,Vaginal Tablet,500mcg,255.11,2025-04-03,264,Memphis Pharma,1,0,Magnesium Sulfate,Magnesium Sulfate
1191,Baclofen,Baclofen,Painkillers,Suppository,500mg,52.69,2025-02-02,103,AstraZeneca Egypt,1,0,Baclofen,Baclofen
1192,Spironolactone,Spironolactone,General,Tablet,40mg,97.12,2026-01-22,245,Novartis Egypt,1,0,Spironolactone,Aldactone
1193,Salbutamol Inhaler,Salbutamol,Cough & Cold,Sachet,100mg,142.6,2027-03-18,267,Pfizer Egypt,1,1,Salbutamol,Salbutamol Inhaler
1194,Vitamin D3,Cholecalciferol,Vitamins & Supplements,Sachet,1000mcg,277.23,2027-10-12,151,Hikma Egypt,1,1,Cholecalciferol,Vitamin D3
1195,Ondansetron Syrup,Ondansetron,Kids Medications,Syrup,250mg/5ml,185.33,2026-04-28,145,CID Pharma,1,1,Ondansetron,Ondansetron Syrup
1196,Tramadol 100mg,Tramadol HCl,Painkillers,Tablet,500mg,118.35,2025-06-29,265,Memphis Pharma,1,0,Tramadol HCl,Tramadol 100mg
1197,Acyclovir,Acyclovir,Antibiotics,Tablet,1g,168.16,2025-02-08,5,Sanofi Egypt,1,0,Acyclovir,Acyclovir
1198,Fluticasone Nasal,Fluticasone,Cough & Cold,Nasal Spray,100mg,172.31,2027-06-09,303,October Pharma,1,0,Fluticasone,Fluticasone Nasal
1199,Enalapril,Enalapril,Cardiovascular,Extended-Release Tablet,100mg,442.61,2026-05-02,262,Global Napi,1,0,Enalapril,Enalapril
1200,Terbinafine Cream,Terbinafine,Dermatology,Cream,1%,302.93,2026-11-24,311,Pfizer Egypt,1,0,Terbinafine,Terbinafine Cream
1201,Tibolone,Tibolone,Women Health,Vaginal Tablet,500mcg,380.94,2026-03-16,59,Bayer Egypt,1,0,Tibolone,Tibolone
1202,Azithromycin,Azithromycin,Antibiotics,Tablet,875/125mg,340.88,2025-10-23,351,AstraZeneca Egypt,1,1,Azithromycin,Azithromycin
1203,Loratadine,Loratadine,Antihistamines,Film-Coated Tablet,1mg,51.92,2025-04-22,49,Sanofi Egypt,1,1,Loratadine,Loratadine
1204,Metoclopramide,Metoclopramide,Gastrointestinal,Syrup,1g,113.37,2026-11-11,75,Pfizer Egypt,1,0,Metoclopramide,Metoclopramide
1205,Gentamicin Eye Drops,Gentamicin,Drops,Eye Drops,0.20%,271.86,2025-07-14,432,Memphis Pharma,1,0,Gentamicin,Garamycin
1206,Cetirizine Syrup,Cetirizine,Kids Medications,Syrup,100mg/5ml,149.32,2026-02-01,392,Medical Union,1,1,Cetirizine,Cetirizine Syrup
1207,Glibenclamide,Glibenclamide,Antidiabetics,Extended-Release Tablet,1.34mg/ml,594.7,2027-09-04,245,Bayer Egypt,1,0,Glibenclamide,Glibenclamide
1208,Glucosamine,Glucosamine Sulfate,Vitamins & Supplements,Capsule,1000IU,88.25,2027-05-30,151,Tabuk Egypt,1,0,Glucosamine Sulfate,Glucosamine
1209,Pregabalin,Pregabalin,Painkillers,Suppository,500mg,277.38,2027-05-08,423,Memphis Pharma,1,0,Pregabalin,Pregabalin
1210,Rifampicin,Rifampicin,Antibiotics,Capsule,200mg,171.63,2027-06-30,413,Al Debeiky,1,0,Rifampicin,Rifampicin
1211,Aspirin,Aspirin,General,Tablet,1g,186.13,2026-10-14,254,Amriya Pharma,1,0,Aspirin,Aspirin
1212,Lansoprazole,Lansoprazole,Gastrointestinal,Sachet,5mg,35.01,2025-11-11,41,Eva Pharma,1,0,Lansoprazole,Lansoprazole
1213,Empagliflozin,Empagliflozin,Antidiabetics,Injection,25mg,244.94,2026-03-26,291,October Pharma,1,0,Empagliflozin,Empagliflozin
1214,Cetirizine,Cetirizine,Antihistamines,Nasal Spray,180mg,104.47,2026-08-27,401,Memphis Pharma,1,1,Cetirizine,Cetirizine
1215,Omega-3,Fish Oil,Vitamins & Supplements,Capsule,100mg,67.32,2026-03-02,411,GSK Egypt,1,0,Fish Oil,Omega-3
1216,Bilastine,Bilastine,Antihistamines,Syrup,10mg,135.26,2026-12-31,188,CID Pharma,1,0,Bilastine,Bilastine
1217,Fluconazole Vaginal,Fluconazole,Women Health,Patch,2mg,366.2,2026-04-12,156,Mina Pharm,1,0,Fluconazole,Fluconazole Vaginal
1218,Cyproheptadine,Cyproheptadine,Antihistamines,Capsule,5mg,116.03,2025-08-12,348,Bayer Egypt,1,0,Cyproheptadine,Cyproheptadine
1219,Ear Wax Softener,Docusate Sodium,Drops,Nasal Drops,0.01%,276.52,2025-07-13,349,EIPICO,1,0,Docusate Sodium,Ear Wax Softener
1220,Latanoprost Eye Drops,Latanoprost,Drops,Eye Drops,0.30%,204.54,2027-02-19,59,GSK Egypt,1,0,Latanoprost,Latanoprost Eye Drops
1221,Paracetamol 500mg,Paracetamol,Painkillers,Tablet,500mg,188.39,2025-08-11,135,CID Pharma,1,1,Paracetamol,Panadol
1222,Zinc Oxide Cream,Zinc Oxide,Dermatology,Cream,0.50%,234.44,2026-09-05,230,Pfizer Egypt,1,0,Zinc Oxide,Zinc Oxide Cream
1223,Prenatal Vitamins,Multivitamin Prenatal,Women Health,Injection,150mcg/30mcg,31.95,2027-10-11,495,October Pharma,1,0,Multivitamin Prenatal,Prenatal Vitamins
1224,Mesalazine,Mesalazine,Gastrointestinal,Capsule,40mg,77.54,2027-09-14,58,Bayer Egypt,1,0,Mesalazine,Mesalazine
1225,Loratadine Syrup,Loratadine,Kids Medications,Syrup,250mg/5ml,147.1,2027-09-24,413,Al Debeiky,1,1,Loratadine,Loratadine Syrup
1226,Desloratadine,Desloratadine,Antihistamines,Film-Coated Tablet,1mg,233.69,2026-07-05,122,Sanofi Egypt,1,0,Desloratadine,Desloratadine
1227,Raloxifene,Raloxifene,Women Health,Injection,5mg,80.71,2026-07-01,364,Tabuk Egypt,1,0,Raloxifene,Raloxifene
1228,Nasal Saline Drops,Sodium Chloride 0.9%,Drops,Nasal Spray,5ml,104.35,2026-09-08,202,Amriya Pharma,1,0,Sodium Chloride 0.9%,Nasal Saline Drops
1229,Metronidazole Gel,Metronidazole,Women Health,Tablet,2mg,399.16,2026-01-19,40,October Pharma,1,0,Metronidazole,Metronidazole Gel
1230,Budesonide Nasal,Budesonide,Cough & Cold,Nasal Spray,100mg,119.52,2025-02-16,393,Pharco,1,0,Budesonide,Budesonide Nasal
1231,Paracetamol 1g,Paracetamol,Painkillers,Suppository,500mg,129.23,2026-04-22,0,October Pharma,0,1,Paracetamol,Panadol
1232,Tizanidine,Tizanidine,Painkillers,Capsule,100mg,196.93,2025-02-12,35,October Pharma,1,0,Tizanidine,Tizanidine
1233,Vitamin B6,Pyridoxine,Vitamins & Supplements,Capsule,400IU,241,2025-02-27,200,Eva Pharma,1,0,Pyridoxine,Vitamin B6
1234,Tretinoin,Tretinoin,Dermatology,Ointment,1%,133.66,2025-10-26,267,GSK Egypt,1,0,Tretinoin,Tretinoin
1235,Zinc,Zinc Sulfate,Vitamins & Supplements,Softgel,50000IU,20.44,2026-01-04,162,Amriya Pharma,1,0,Zinc Sulfate,Zinc
1236,Semaglutide,Semaglutide,Antidiabetics,Pen Injector,1000mg,79.58,2027-07-09,403,EIPICO,1,1,Semaglutide,Ozempic
1237,Cetirizine,Cetirizine,Antihistamines,Nasal Spray,10mg,194.35,2025-02-17,268,Medical Union,1,1,Cetirizine,Cetirizine
1238,Loratadine,Loratadine,Antihistamines,Tablet,1mg,229.29,2025-04-20,341,Hikma Egypt,1,1,Loratadine,Loratadine
1239,Lactulose,Lactulose,Gastrointestinal,Capsule,5mg,116.11,2027-08-30,487,Mina Pharm,1,0,Lactulose,Duphalac
1240,Bimatoprost Eye Drops,Bimatoprost,Drops,Eye Drops,1%,237.47,2027-08-15,485,Global Napi,1,0,Bimatoprost,Bimatoprost Eye Drops
1241,Naproxen,Naproxen,Painkillers,Patch,25mg,56.14,2025-11-20,326,October Pharma,1,0,Naproxen,Apranax
1242,Gentamicin Ear Drops,Gentamicin,Drops,Drops,5ml,75.49,2026-04-27,182,CID Pharma,1,0,Gentamicin,Garamycin
1243,Amoxicillin,Amoxicillin,Antibiotics,Tablet,400mg,55.71,2025-10-05,431,Memphis Pharma,1,1,Amoxicillin,Amoxicillin
1244,Morphine,Morphine Sulfate,Painkillers,Suppository,400mg,193.85,2027-10-12,98,Eva Pharma,1,0,Morphine Sulfate,Morphine
1245,Methylprednisolone,Methylprednisolone,General,Tablet,500mg,114.19,2026-04-11,297,Bayer Egypt,1,0,Methylprednisolone,Methylprednisolone
1246,Ursodeoxycholic Acid,UDCA,Gastrointestinal,Tablet,500mg,116.29,2026-01-18,55,Amriya Pharma,1,0,UDCA,Ursodeoxycholic Acid
1247,Nifedipine,Nifedipine,Cardiovascular,Extended-Release Tablet,10mg,449.82,2025-05-09,282,Medical Union,1,0,Nifedipine,Nifedipine
1248,Clotrimazole Pessary,Clotrimazole,Women Health,Patch,500mcg,354.71,2025-11-17,134,Hikma Egypt,1,0,Clotrimazole,Clotrimazole Pessary
1249,Vitamin D Drops,Cholecalciferol,Kids Medications,Drops,10mg/ml,141.63,2025-11-13,14,Memphis Pharma,1,0,Cholecalciferol,Vitamin D Drops
1250,Rifampicin,Rifampicin,Antibiotics,Injection,400mg,154.84,2026-10-10,491,Amriya Pharma,1,0,Rifampicin,Rifampicin
1251,ORS,Oral Rehydration Salts,Gastrointestinal,Sachet,10mg,82.36,2025-03-04,478,October Pharma,1,0,Oral Rehydration Salts,ORS
1252,Ciprofloxacin Ear Drops,Ciprofloxacin,Drops,Drops,0.10%,205.13,2026-08-15,188,CID Pharma,1,1,Ciprofloxacin,Ciprofloxacin Ear Drops
1253,Nitrofurantoin,Nitrofurantoin,Antibiotics,Injection,200mg,68.37,2025-06-03,359,Bayer Egypt,1,0,Nitrofurantoin,Nitrofurantoin
1254,Collagen,Hydrolyzed Collagen,Vitamins & Supplements,Capsule,10mg,80.6,2027-03-10,497,Medical Union,1,0,Hydrolyzed Collagen,Collagen
1255,Amoxicillin Suspension,Amoxicillin,Kids Medications,Syrup,10mg/ml,82.5,2025-04-02,456,Sigma Pharma,1,1,Amoxicillin,Amoxicillin Suspension
1256,Ear Wax Softener,Docusate Sodium,Drops,Nasal Drops,0.50%,107.39,2027-09-02,197,Bayer Egypt,1,0,Docusate Sodium,Ear Wax Softener
1257,Piroxicam,Piroxicam,Painkillers,Suppository,100mg,162.21,2025-12-02,78,AstraZeneca Egypt,1,0,Piroxicam,Piroxicam
1258,Ciprofloxacin,Ciprofloxacin,Antibiotics,Injection,500mg,336.62,2027-03-27,10,Memphis Pharma,1,1,Ciprofloxacin,Ciprofloxacin
1259,Estradiol Patch,Estradiol,Women Health,Injection,1.5mg,216.73,2026-09-22,215,Global Napi,1,0,Estradiol,Estradiol Patch
1260,Doxycycline,Doxycycline,Antibiotics,Suspension,875/125mg,41.67,2026-12-19,471,Global Napi,1,0,Doxycycline,Doxycycline
1261,Guaifenesin,Guaifenesin,Cough & Cold,Tablet,6mg,165.05,2025-10-31,21,Novartis Egypt,1,0,Guaifenesin,Guaifenesin
1262,Glucosamine,Glucosamine Sulfate,Vitamins & Supplements,Tablet,25mcg,137.59,2027-06-06,403,Novartis Egypt,1,0,Glucosamine Sulfate,Glucosamine
1263,Bimatoprost Eye Drops,Bimatoprost,Drops,Eye Drops,2%,137.81,2025-03-17,434,Mina Pharm,1,0,Bimatoprost,Bimatoprost Eye Drops
1264,Folic Acid,Folic Acid,Vitamins & Supplements,Sachet,1000IU,95.77,2026-06-25,28,Sigma Pharma,1,0,Folic Acid,Folicap
1265,Mesalazine,Mesalazine,Gastrointestinal,Syrup,20mg,133.23,2025-07-08,238,CID Pharma,1,0,Mesalazine,Mesalazine
1266,Ciprofloxacin Eye Drops,Ciprofloxacin,Drops,Eye Drops,0.30%,272.77,2027-06-02,442,Medical Union,1,1,Ciprofloxacin,Ciprofloxacin Eye Drops
1267,Iron Supplement,Ferrous Sulfate,Vitamins & Supplements,Sachet,1000IU,39.19,2027-04-13,95,GSK Egypt,1,0,Ferrous Sulfate,Iron Supplement
1268,Calamine Lotion,Calamine,Dermatology,Cream,0.10%,35.02,2027-09-19,57,Bayer Egypt,1,0,Calamine,Calamine Lotion
1269,Terbinafine Cream,Terbinafine,Dermatology,Cream,10%,268.76,2027-05-12,16,Bayer Egypt,1,0,Terbinafine,Terbinafine Cream
1270,Augmentin,Amoxicillin/Clavulanate,Antibiotics,Suspension,200mg,70.07,2026-03-19,178,Memphis Pharma,1,1,Amoxicillin/Clavulanate,Augmentin
1271,Codeine,Codeine Phosphate,Painkillers,Injection,100mg,80.68,2026-02-22,179,Global Napi,1,0,Codeine Phosphate,Codeine
1272,Naproxen,Naproxen,Painkillers,Capsule,50mg,208.27,2025-12-11,118,Mina Pharm,1,0,Naproxen,Apranax
1273,Fluticasone Nasal,Fluticasone,Cough & Cold,Nasal Spray,0.10%,78.68,2025-09-01,184,AstraZeneca Egypt,1,0,Fluticasone,Fluticasone Nasal
1274,Sucralfate,Sucralfate,Gastrointestinal,Suppository,5mg,18.91,2027-05-15,209,Sanofi Egypt,1,0,Sucralfate,Sucralfate
1275,Guaifenesin,Guaifenesin,Cough & Cold,Inhaler,6mg,50.24,2027-03-02,64,GSK Egypt,1,0,Guaifenesin,Guaifenesin
1276,Brimonidine Eye Drops,Brimonidine,Drops,Eye Drops,5ml,87.06,2026-06-01,55,Sanofi Egypt,1,0,Brimonidine,Brimonidine Eye Drops
1277,Bilastine,Bilastine,Antihistamines,Capsule,10mg,117.73,2025-08-02,10,Sanofi Egypt,1,0,Bilastine,Bilastine
1278,Combined OCP,Ethinylestradiol/Levonorgestrel,Women Health,Tablet,500mcg,54.5,2025-06-03,342,Pfizer Egypt,1,0,Ethinylestradiol/Levonorgestrel,Combined OCP
1279,Ondansetron Syrup,Ondansetron,Kids Medications,Syrup,200mg/5ml,146.35,2026-06-14,9,Sigma Pharma,1,1,Ondansetron,Ondansetron Syrup
1280,Meloxicam,Meloxicam,Painkillers,Suppository,400mg,231.82,2026-02-10,107,Amriya Pharma,1,0,Meloxicam,Meloxicam
1281,Progesterone Vaginal,Micronized Progesterone,Women Health,Pessary,350mcg,67.35,2026-09-27,91,Tabuk Egypt,1,0,Micronized Progesterone,Progesterone Vaginal
1282,Acarbose,Acarbose,Antidiabetics,Pen Injector,25mg,510.25,2026-02-02,6,Sigma Pharma,1,0,Acarbose,Glucobay
1283,Methylprednisolone,Methylprednisolone,General,Tablet,100mg,208.89,2025-07-03,41,Mina Pharm,1,0,Methylprednisolone,Methylprednisolone
1284,Rosuvastatin,Rosuvastatin,Cardiovascular,Capsule,25mg,74.54,2027-04-29,494,Al Debeiky,1,0,Rosuvastatin,Crestor
1285,Tramadol 100mg,Tramadol HCl,Painkillers,Capsule,10mg,249.1,2027-03-28,221,CID Pharma,1,0,Tramadol HCl,Tramadol 100mg
1286,Cetirizine,Cetirizine,Antihistamines,Syrup,5mg/5ml,154.17,2025-06-14,302,EIPICO,1,1,Cetirizine,Cetirizine
1287,Famotidine,Famotidine,Gastrointestinal,Sachet,30mg,66.65,2025-12-25,80,Eva Pharma,1,0,Famotidine,Famotidine
1288,Adapalene,Adapalene,Dermatology,Gel,0.03%,145.59,2027-04-02,289,Sigma Pharma,1,0,Adapalene,Adapalene
1289,Omeprazole,Omeprazole,Gastrointestinal,Tablet,15mlsachet,36.84,2026-07-07,40,Eva Pharma,1,1,Omeprazole,Omeprazole
1290,Piroxicam,Piroxicam,Painkillers,Injection,50mg,259.98,2026-09-12,388,AstraZeneca Egypt,1,0,Piroxicam,Piroxicam
1291,Dexamethasone,Dexamethasone,General,Tablet,5mg,31.58,2026-08-23,181,AstraZeneca Egypt,1,0,Dexamethasone,Dexamethasone
1292,Mometasone Cream,Mometasone,Dermatology,Cream,0.50%,218.51,2025-11-24,299,Global Napi,1,0,Mometasone,Mometasone Cream
1293,Insulin Detemir,Insulin Detemir,Antidiabetics,Injection,1.34mg/ml,152.87,2026-12-02,290,EIPICO,1,0,Insulin Detemir,Levemir
1294,Olopatadine,Olopatadine,Antihistamines,Capsule,25mg,127.63,2025-02-05,170,Pharco,1,0,Olopatadine,Olopatadine
1295,Vitamin C,Ascorbic Acid,Vitamins & Supplements,Tablet,25mcg,139.47,2025-10-29,361,AstraZeneca Egypt,1,1,Ascorbic Acid,Vitamin C
1296,Finasteride,Finasteride,General,Tablet,1g,30.14,2025-03-06,139,Amriya Pharma,1,0,Finasteride,Proscar
1297,Clomiphene,Clomiphene Citrate,Women Health,Patch,500mcg,358.97,2025-09-26,210,Mina Pharm,1,0,Clomiphene Citrate,Clomiphene
1298,Insulin Regular,Human Insulin,Antidiabetics,Injection,10mcg,296.19,2026-06-22,276,Al Debeiky,1,0,Human Insulin,Actrapid
1299,Emergency Contraception,Levonorgestrel 1.5mg,Women Health,Vaginal Tablet,150mcg/30mcg,194.93,2025-08-04,32,CID Pharma,1,0,Levonorgestrel 1.5mg,Emergency Contraception
1300,Xylometazoline,Xylometazoline,Cough & Cold,Sachet,600mg,36.86,2025-08-02,82,Global Napi,1,0,Xylometazoline,Xylometazoline
1301,Ambroxol,Ambroxol,Cough & Cold,Syrup,6mg,77.97,2025-12-31,175,Sigma Pharma,1,1,Ambroxol,Ambroxol
1302,Simethicone,Simethicone,Gastrointestinal,Syrup,30mg,116.43,2027-08-16,181,EIPICO,1,0,Simethicone,Simethicone
1303,Hydroxyzine,Hydroxyzine,Antihistamines,Tablet,120mg,22.47,2026-02-05,453,Novartis Egypt,1,0,Hydroxyzine,Hydroxyzine
1304,Vitamin K,Phytonadione,Vitamins & Supplements,Tablet,500mg,107.32,2026-12-17,130,Novartis Egypt,1,0,Phytonadione,Vitamin K
1305,Salbutamol Inhaler,Salbutamol,Cough & Cold,Sachet,15mg/5ml,71.15,2027-06-21,283,Novartis Egypt,1,1,Salbutamol,Salbutamol Inhaler
1306,Brimonidine Eye Drops,Brimonidine,Drops,Eye Drops,0.10%,220,2025-03-15,194,Pfizer Egypt,1,0,Brimonidine,Brimonidine Eye Drops
1307,Dulaglutide,Dulaglutide,Antidiabetics,Extended-Release Tablet,10mcg,138.49,2026-07-23,464,Sanofi Egypt,1,0,Dulaglutide,Trulicity
1308,Mometasone Nasal,Mometasone,Cough & Cold,Nasal Spray,600mg,66.8,2026-03-01,143,Mina Pharm,1,0,Mometasone,Mometasone Nasal
1309,Azelastine Nasal,Azelastine,Antihistamines,Nasal Spray,5mg,145.64,2025-06-24,64,EIPICO,1,0,Azelastine,Azelastine Nasal
1310,Gripe Water,Dill Oil/Sodium Bicarbonate,Kids Medications,Granules,200mg/5ml,113.29,2026-10-08,33,Global Napi,1,0,Dill Oil/Sodium Bicarbonate,Gripe Water
1311,Fluticasone Nasal,Fluticasone,Cough & Cold,Nasal Spray,0.10%,128.99,2026-03-13,330,Al Debeiky,1,0,Fluticasone,Fluticasone Nasal
1312,Loratadine,Loratadine,Antihistamines,Syrup,1mg,23.2,2027-05-15,282,EIPICO,1,1,Loratadine,Loratadine
1313,Fexofenadine,Fexofenadine,Antihistamines,Film-Coated Tablet,25mg,54.92,2025-11-25,222,Bayer Egypt,1,0,Fexofenadine,Fexofenadine
1314,Amlodipine,Amlodipine,Cardiovascular,Extended-Release Tablet,2.5mg,195.36,2026-04-28,446,Pfizer Egypt,1,1,Amlodipine,Norvasc
1315,Terbinafine Cream,Terbinafine,Dermatology,Cream,0.03%,61.08,2026-11-28,373,CID Pharma,1,0,Terbinafine,Terbinafine Cream
1316,Vitamin B6,Pyridoxine,Vitamins & Supplements,Tablet,400IU,164.98,2027-08-01,331,Memphis Pharma,1,0,Pyridoxine,Vitamin B6
1317,Betamethasone Cream,Betamethasone,Dermatology,Cream,0.50%,178.26,2027-01-22,394,Sanofi Egypt,1,0,Betamethasone,Betamethasone Cream
1318,Esomeprazole,Esomeprazole,Gastrointestinal,Capsule,40mg,69.17,2026-03-16,389,Medical Union,1,0,Esomeprazole,Esomeprazole
1319,Colchicine,Colchicine,General,Capsule,500mg,200.06,2026-09-12,178,Pfizer Egypt,1,0,Colchicine,Colchicine
1320,Estradiol Patch,Estradiol,Women Health,Capsule,2mg,63.68,2026-09-24,377,Amriya Pharma,1,0,Estradiol,Estradiol Patch
1321,Vildagliptin,Vildagliptin,Antidiabetics,Pen Injector,5mg,192.42,2026-07-14,236,Medical Union,1,0,Vildagliptin,Vildagliptin
1322,Insulin Regular,Human Insulin,Antidiabetics,Injection,5mg,595.25,2026-12-21,451,CID Pharma,1,0,Human Insulin,Actrapid
1323,Tobramycin Eye Drops,Tobramycin,Drops,Eye Drops,3ml,72.46,2025-09-18,301,Tabuk Egypt,1,0,Tobramycin,Tobramycin Eye Drops
1324,Mefenamic Acid,Mefenamic Acid,Painkillers,Capsule,50mg,97.44,2025-09-25,444,AstraZeneca Egypt,1,0,Mefenamic Acid,Mefenamic Acid
1325,Acarbose,Acarbose,Antidiabetics,Tablet,1.34mg/ml,208.65,2025-08-24,418,Mina Pharm,1,0,Acarbose,Glucobay
1326,Ranitidine,Ranitidine,Gastrointestinal,Sachet,5mg,199.5,2026-01-09,166,Amriya Pharma,1,0,Ranitidine,Ranitidine
1327,Hydrocortisone Cream,Hydrocortisone,Dermatology,Cream,5%,168.99,2025-09-16,176,Sanofi Egypt,1,0,Hydrocortisone,Hydrocortisone Cream
1328,Hyoscine,Hyoscine Butylbromide,Gastrointestinal,Syrup,10mg,153.71,2026-09-08,377,Al Debeiky,1,0,Hyoscine Butylbromide,Hyoscine
1329,Ezetimibe,Ezetimibe,Cardiovascular,Injection,20mg,304.63,2026-06-21,223,AstraZeneca Egypt,1,0,Ezetimibe,Ezetimibe
1330,Oxytocin,Oxytocin,Women Health,Injection,5mg,345.92,2026-03-17,323,Mina Pharm,1,0,Oxytocin,Oxytocin
1331,Prednisolone Eye Drops,Prednisolone,Drops,Eye Drops,0.50%,298.77,2027-07-04,160,GSK Egypt,1,0,Prednisolone,Prednisolone Eye Drops
1332,Fluconazole Vaginal,Fluconazole,Women Health,Pessary,350mcg,280.75,2025-05-03,152,Tabuk Egypt,1,0,Fluconazole,Fluconazole Vaginal
1333,Methylprednisolone,Methylprednisolone,General,Tablet,5mg,84.4,2027-02-13,5,Pfizer Egypt,1,0,Methylprednisolone,Methylprednisolone
1334,Olopatadine Eye Drops,Olopatadine,Drops,Eye Drops,1%,64.04,2026-01-22,184,EIPICO,1,0,Olopatadine,Olopatadine Eye Drops
1335,Timolol Eye Drops,Timolol,Drops,Eye Drops,2%,86.87,2025-06-17,337,Sanofi Egypt,1,0,Timolol,Timolol Eye Drops
1336,Prenatal Vitamins,Multivitamin Prenatal,Women Health,Patch,2mg,335.15,2027-07-10,469,GSK Egypt,1,0,Multivitamin Prenatal,Prenatal Vitamins
1337,Pseudoephedrine,Pseudoephedrine,Cough & Cold,Sachet,6mg,85.23,2025-10-23,262,GSK Egypt,1,0,Pseudoephedrine,Pseudoephedrine
1338,Metronidazole,Metronidazole,Antibiotics,Suspension,250mg,30.28,2026-09-26,158,EIPICO,1,0,Metronidazole,Metronidazole
1339,Oxytocin,Oxytocin,Women Health,Pessary,100mg,319.21,2027-02-28,409,Memphis Pharma,1,0,Oxytocin,Oxytocin
1340,Olopatadine,Olopatadine,Antihistamines,Film-Coated Tablet,25mg,143.43,2026-09-14,389,EIPICO,1,0,Olopatadine,Olopatadine
1341,Nitrofurantoin,Nitrofurantoin,Antibiotics,Capsule,500mg,112.38,2026-01-21,327,Hikma Egypt,1,0,Nitrofurantoin,Nitrofurantoin
1342,Ondansetron,Ondansetron,Gastrointestinal,Tablet,20mg,34.44,2027-09-28,222,Amriya Pharma,1,1,Ondansetron,Ondansetron
1343,Carbimazole,Carbimazole,General,Film-Coated Tablet,1g,226.49,2025-03-28,267,Memphis Pharma,1,0,Carbimazole,Carbimazole
1344,Progesterone Only Pill,Levonorgestrel,Women Health,Patch,350mcg,56.85,2026-08-14,330,Global Napi,1,0,Levonorgestrel,Progesterone Only Pill
1345,Enalapril,Enalapril,Cardiovascular,Sublingual Tablet,20mg,290.86,2026-01-05,87,AstraZeneca Egypt,1,0,Enalapril,Enalapril
1346,Glibenclamide,Glibenclamide,Antidiabetics,Tablet,100IU/ml,523.05,2027-01-05,119,Amriya Pharma,1,0,Glibenclamide,Glibenclamide
1347,Cabergoline,Cabergoline,Women Health,Injection,350mcg,99.25,2025-09-17,479,Global Napi,1,0,Cabergoline,Cabergoline
1348,Urea Cream,Urea,Dermatology,Cream,0.50%,135.15,2026-07-02,192,Hikma Egypt,1,0,Urea,Urea Cream
1349,Mometasone Cream,Mometasone,Dermatology,Cream,0.50%,256.38,2025-05-27,497,CID Pharma,1,0,Mometasone,Mometasone Cream
1350,Noscapine,Noscapine,Cough & Cold,Tablet,15mg/5ml,22.23,2025-07-25,223,Tabuk Egypt,1,0,Noscapine,Noscapine
1351,Insulin Detemir,Insulin Detemir,Antidiabetics,Injection,25mg,282.15,2025-09-16,45,CID Pharma,1,0,Insulin Detemir,Levemir
1352,Magnesium,Magnesium Oxide,Vitamins & Supplements,Softgel,1000mcg,209.66,2026-04-02,228,Amriya Pharma,1,0,Magnesium Oxide,Magnesium
1353,Simethicone Drops,Simethicone,Kids Medications,Drops,100mg/5ml,181.3,2027-07-13,226,Eva Pharma,1,0,Simethicone,Simethicone Drops
1354,Biotin,Biotin,Vitamins & Supplements,Tablet,25mcg,117.98,2025-12-13,3,October Pharma,1,0,Biotin,Biotin
1355,Rifampicin,Rifampicin,Antibiotics,Capsule,125mg/5ml,240.31,2025-02-05,88,Novartis Egypt,1,0,Rifampicin,Rifampicin
1356,Ketotifen,Ketotifen,Antihistamines,Tablet,180mg,25.44,2026-11-26,108,Bayer Egypt,1,0,Ketotifen,Ketotifen
1357,Paracetamol 1g,Paracetamol,Painkillers,Injection,50mg,154.83,2027-05-04,19,Tabuk Egypt,1,1,Paracetamol,Panadol
1358,Amoxicillin Suspension,Amoxicillin,Kids Medications,Syrup,200mg/5ml,67.23,2027-09-26,430,Sanofi Egypt,1,1,Amoxicillin,Amoxicillin Suspension
1359,Atorvastatin,Atorvastatin,Cardiovascular,Capsule,0.25mg,87.47,2026-03-23,242,Global Napi,1,1,Atorvastatin,Atorvastatin
1360,Allopurinol,Allopurinol,General,Tablet,40mg,171.07,2025-11-23,303,Global Napi,1,0,Allopurinol,Zyloric
1361,Cephalexin,Cefalexin,Antibiotics,Capsule,500mg,51.55,2025-09-22,7,Pfizer Egypt,1,0,Cefalexin,Keflex
1362,Clarithromycin,Clarithromycin,Antibiotics,Tablet,50mg/ml,89.56,2027-07-01,18,Al Debeiky,1,0,Clarithromycin,Clarithromycin
1363,Pantoprazole,Pantoprazole,Gastrointestinal,Capsule,30mg,154.18,2025-07-25,12,Pfizer Egypt,1,1,Pantoprazole,Pantoprazole
1364,Miconazole Cream,Miconazole,Dermatology,Cream,2.50%,197.17,2025-10-03,286,Mina Pharm,1,0,Miconazole,Miconazole Cream
1365,Ranitidine,Ranitidine,Gastrointestinal,Tablet,1g,56.27,2025-07-03,156,Pfizer Egypt,1,0,Ranitidine,Ranitidine
1366,Mefenamic Acid,Mefenamic Acid,Painkillers,Suppository,400mg,40.96,2025-04-28,136,EIPICO,1,0,Mefenamic Acid,Mefenamic Acid
1367,Misoprostol,Misoprostol,Women Health,Injection,100mg,59.4,2026-12-06,222,Global Napi,1,0,Misoprostol,Misoprostol
1368,Gentamicin Eye Drops,Gentamicin,Drops,Eye Drops,0.01%,145.34,2026-12-20,273,Eva Pharma,1,0,Gentamicin,Garamycin
1369,Dydrogesterone,Dydrogesterone,Women Health,Injection,500mcg,317.01,2025-06-23,487,Sanofi Egypt,1,0,Dydrogesterone,Duphaston
1370,Simvastatin,Simvastatin,Cardiovascular,Injection,10mg,274.93,2025-09-22,401,Pharco,1,0,Simvastatin,Simvastatin
1371,Ramipril,Ramipril,Cardiovascular,Capsule,10mg,183.25,2027-03-29,166,Eva Pharma,1,0,Ramipril,Tritace
1372,Baclofen,Baclofen,Painkillers,Extended-Release Tablet,100mg,188.06,2025-03-19,279,Memphis Pharma,1,0,Baclofen,Baclofen
1373,Permethrin Cream,Permethrin,Dermatology,Cream,10%,118.38,2026-04-18,380,Al Debeiky,1,0,Permethrin,Permethrin Cream
1374,Progesterone Vaginal,Micronized Progesterone,Women Health,Patch,2mg,232.86,2027-06-09,224,October Pharma,1,0,Micronized Progesterone,Progesterone Vaginal
1375,Clotrimazole Pessary,Clotrimazole,Women Health,Vaginal Tablet,1.5mg,42.09,2026-04-05,149,Memphis Pharma,1,0,Clotrimazole,Clotrimazole Pessary
1376,Throat Lozenges,Benzocaine,Cough & Cold,Sachet,100mg,164.27,2025-12-12,421,Hikma Egypt,1,0,Benzocaine,Throat Lozenges
1377,Atorvastatin,Atorvastatin,Cardiovascular,Sublingual Tablet,25mg,262.24,2026-06-03,315,Bayer Egypt,1,1,Atorvastatin,Atorvastatin
1378,Liraglutide,Liraglutide,Antidiabetics,Film-Coated Tablet,5mg,374.96,2025-08-04,132,Mina Pharm,1,0,Liraglutide,Victoza
1379,Dexamethasone,Dexamethasone,General,Tablet,10mg,29.61,2025-08-13,482,EIPICO,1,0,Dexamethasone,Dexamethasone
1380,Enalapril,Enalapril,Cardiovascular,Injection,0.25mg,469.46,2025-08-06,351,October Pharma,1,0,Enalapril,Enalapril
1381,Tacrolimus Ointment,Tacrolimus,Dermatology,Ointment,0.50%,169.6,2026-02-27,146,Global Napi,1,0,Tacrolimus,Tacrolimus Ointment
1382,Hydrocortisone,Hydrocortisone,General,Tablet,500mg,60.85,2027-09-13,54,CID Pharma,1,0,Hydrocortisone,Hydrocortisone
1383,Cetirizine Syrup,Cetirizine,Kids Medications,Syrup,250mg/5ml,126.27,2027-02-07,147,EIPICO,1,1,Cetirizine,Cetirizine Syrup
1384,Probiotics,Lactobacillus,Vitamins & Supplements,Effervescent Tablet,10mg,244.89,2027-01-30,451,Pfizer Egypt,1,0,Lactobacillus,Probiotics
1385,Rosuvastatin,Rosuvastatin,Cardiovascular,Extended-Release Tablet,2.5mg,187.34,2025-07-24,263,AstraZeneca Egypt,1,0,Rosuvastatin,Crestor
1386,Clarithromycin,Clarithromycin,Antibiotics,Powder for Injection,125mg/5ml,98.7,2026-04-14,71,Medical Union,1,0,Clarithromycin,Clarithromycin
1387,Etoricoxib,Etoricoxib,Painkillers,Extended-Release Tablet,10mg,169.75,2026-01-28,392,Eva Pharma,1,0,Etoricoxib,Etoricoxib
1388,Metronidazole Suspension,Metronidazole,Kids Medications,Syrup,120mg/5ml,80.12,2027-02-27,67,Memphis Pharma,1,0,Metronidazole,Metronidazole Suspension
1389,Latanoprost Eye Drops,Latanoprost,Drops,Eye Drops,1%,172.5,2026-07-19,429,Hikma Egypt,1,0,Latanoprost,Latanoprost Eye Drops
1390,Vitamin E,Tocopherol,Vitamins & Supplements,Tablet,400IU,255.99,2027-02-16,162,Memphis Pharma,1,0,Tocopherol,Vitamin E
1391,Paracetamol,Paracetamol,General,Tablet,500mg,108.36,2025-03-20,69,Sanofi Egypt,1,1,Paracetamol,Panadol
1392,Ciprofloxacin Ear Drops,Ciprofloxacin,Drops,Drops,1%,81.31,2026-06-17,96,Global Napi,1,1,Ciprofloxacin,Ciprofloxacin Ear Drops
1393,Ciprofloxacin Ear Drops,Ciprofloxacin,Drops,Drops,0.01%,52.81,2027-01-29,373,Tabuk Egypt,1,1,Ciprofloxacin,Ciprofloxacin Ear Drops
1394,Diclofenac 50mg,Diclofenac Sodium,Painkillers,Capsule,25mg,295.86,2025-03-14,472,Pfizer Egypt,1,0,Diclofenac Sodium,Voltaren
1395,Paracetamol,Paracetamol,General,Tablet,500mg,30.19,2027-05-29,397,Memphis Pharma,1,1,Paracetamol,Panadol
1396,Allopurinol,Allopurinol,General,Capsule,100mg,157.94,2027-06-04,181,GSK Egypt,1,0,Allopurinol,Zyloric
1397,Benzoyl Peroxide,Benzoyl Peroxide,Dermatology,Lotion,0.50%,168.81,2026-03-12,233,EIPICO,1,0,Benzoyl Peroxide,Benzoyl Peroxide
1398,Domperidone Suspension,Domperidone,Kids Medications,Syrup,100mg/5ml,108.44,2025-06-14,275,Medical Union,1,1,Domperidone,Domperidone Suspension
1399,Brimonidine Eye Drops,Brimonidine,Drops,Eye Drops,3ml,38.38,2026-06-05,286,Pfizer Egypt,1,0,Brimonidine,Brimonidine Eye Drops
1400,Salbutamol Inhaler,Salbutamol,Cough & Cold,Sachet,6mg,91.84,2025-01-31,167,October Pharma,1,1,Salbutamol,Salbutamol Inhaler
1401,Zinc Oxide Cream,Zinc Oxide,Dermatology,Cream,0.03%,103.51,2027-09-04,366,Memphis Pharma,1,0,Zinc Oxide,Zinc Oxide Cream
1402,Isotretinoin,Isotretinoin,Dermatology,Gel,0.10%,88.53,2026-03-11,456,Memphis Pharma,1,0,Isotretinoin,Isotretinoin
1403,Omega-3,Fish Oil,Vitamins & Supplements,Effervescent Tablet,100mg,278.31,2026-12-10,365,EIPICO,1,0,Fish Oil,Omega-3
1404,Permethrin Cream,Permethrin,Dermatology,Cream,0.03%,46.93,2026-03-14,342,October Pharma,1,0,Permethrin,Permethrin Cream
1405,Misoprostol,Misoprostol,Women Health,Vaginal Tablet,500mcg,299.47,2026-01-06,266,CID Pharma,1,0,Misoprostol,Misoprostol
1406,Meloxicam,Meloxicam,Painkillers,Capsule,500mg,176.11,2025-10-01,338,Hikma Egypt,1,0,Meloxicam,Meloxicam
1407,Hyoscine,Hyoscine Butylbromide,Gastrointestinal,Syrup,15mlsachet,68.74,2026-08-06,222,Sigma Pharma,1,0,Hyoscine Butylbromide,Hyoscine
1408,Promethazine,Promethazine,Antihistamines,Syrup,5mg,32.45,2025-05-28,448,CID Pharma,1,0,Promethazine,Promethazine
1409,Combined OCP,Ethinylestradiol/Levonorgestrel,Women Health,Pessary,500mcg,232.78,2027-05-13,172,EIPICO,1,0,Ethinylestradiol/Levonorgestrel,Combined OCP
1410,Fluticasone Nasal,Fluticasone,Cough & Cold,Nasal Spray,100mg,153.18,2026-06-06,134,Pfizer Egypt,1,0,Fluticasone,Fluticasone Nasal
1411,Biotin,Biotin,Vitamins & Supplements,Softgel,400IU,179.11,2027-03-18,72,Pfizer Egypt,1,0,Biotin,Biotin
1412,Rifampicin,Rifampicin,Antibiotics,Powder for Injection,500mg,167.07,2026-05-26,197,Memphis Pharma,1,0,Rifampicin,Rifampicin
1413,Multivitamin,Multivitamin,Vitamins & Supplements,Capsule,25mcg,246.16,2026-05-03,231,CID Pharma,1,0,Multivitamin,Multivitamin
1414,Insulin Lispro,Insulin Lispro,Antidiabetics,Injection,500mg,166.77,2027-09-20,202,CID Pharma,1,0,Insulin Lispro,Humalog
1415,Budesonide Nasal,Budesonide,Cough & Cold,Nasal Spray,15mg/5ml,121.72,2025-09-14,280,Hikma Egypt,1,0,Budesonide,Budesonide Nasal
1416,Paracetamol Syrup,Paracetamol,Kids Medications,Syrup,120mg/5ml,156.33,2027-05-16,237,Pharco,1,1,Paracetamol,Panadol
1417,Azithromycin Suspension,Azithromycin,Kids Medications,Syrup,250mg/5ml,139.37,2026-09-28,410,Medical Union,1,1,Azithromycin,Azithromycin Suspension
1418,Cetirizine Syrup,Cetirizine,Kids Medications,Syrup,250mg/5ml,130,2026-02-11,214,EIPICO,1,1,Cetirizine,Cetirizine Syrup
1419,Iron Drops,Ferrous Sulfate,Kids Medications,Drops,200mg/5ml,146.24,2026-04-12,203,Pharco,1,0,Ferrous Sulfate,Iron Drops
1420,Loratadine,Loratadine,Antihistamines,Capsule,10mg,211.41,2026-07-06,355,Mina Pharm,1,1,Loratadine,Loratadine
1421,Diclofenac 50mg,Diclofenac Sodium,Painkillers,Extended-Release Tablet,50mg,79.77,2026-06-04,484,GSK Egypt,1,0,Diclofenac Sodium,Voltaren
1422,Pregabalin,Pregabalin,Painkillers,Injection,400mg,33.35,2026-09-05,480,Hikma Egypt,1,0,Pregabalin,Pregabalin
1423,Glucosamine,Glucosamine Sulfate,Vitamins & Supplements,Softgel,25mcg,162.54,2026-12-22,429,October Pharma,1,0,Glucosamine Sulfate,Glucosamine
1424,Piroxicam,Piroxicam,Painkillers,Tablet,100mg,277.77,2026-07-26,136,Sanofi Egypt,1,0,Piroxicam,Piroxicam
1425,Salicylic Acid,Salicylic Acid,Dermatology,Ointment,2.50%,59.64,2027-01-18,324,Pharco,1,0,Salicylic Acid,Salicylic Acid
1426,Cabergoline,Cabergoline,Women Health,Capsule,500mcg,83.58,2026-06-24,268,GSK Egypt,1,0,Cabergoline,Cabergoline
1427,Guaifenesin,Guaifenesin,Cough & Cold,Tablet,0.10%,173.83,2025-11-14,68,CID Pharma,1,0,Guaifenesin,Guaifenesin
1428,Miconazole Cream,Miconazole,Dermatology,Cream,0.03%,280.84,2026-01-18,287,GSK Egypt,1,0,Miconazole,Miconazole Cream
1429,Xylometazoline Drops,Xylometazoline,Drops,Drops,5ml,40.92,2027-07-30,3,Sanofi Egypt,1,0,Xylometazoline,Xylometazoline Drops
1430,Meloxicam,Meloxicam,Painkillers,Tablet,200mg,107.14,2027-01-22,346,EIPICO,1,0,Meloxicam,Meloxicam
1431,Olopatadine Eye Drops,Olopatadine,Drops,Eye Drops,1%,240.41,2025-09-17,430,Novartis Egypt,1,0,Olopatadine,Olopatadine Eye Drops
1432,Ranitidine,Ranitidine,Gastrointestinal,Suspension,1g,141.57,2026-12-14,476,Sigma Pharma,1,0,Ranitidine,Ranitidine
1433,Artificial Tears,Hypromellose,Drops,Nasal Drops,0.01%,49.18,2027-07-08,169,Sigma Pharma,1,0,Hypromellose,Artificial Tears
1434,Metoprolol,Metoprolol,Cardiovascular,Tablet,2.5mg,49.52,2026-06-05,480,Sanofi Egypt,1,0,Metoprolol,Metoprolol
1435,Azithromycin Suspension,Azithromycin,Kids Medications,Syrup,120mg/5ml,81.7,2025-08-24,137,Tabuk Egypt,1,1,Azithromycin,Azithromycin Suspension
1436,Ibuprofen,Ibuprofen,General,Tablet,50mg,210.99,2025-07-27,163,Mina Pharm,1,1,Ibuprofen,Brufen
1437,Azithromycin Suspension,Azithromycin,Kids Medications,Syrup,120mg/5ml,168.14,2025-11-08,16,Medical Union,1,1,Azithromycin,Azithromycin Suspension
1438,Fluconazole,Fluconazole,Antibiotics,Tablet,125mg/5ml,65.67,2026-03-05,403,Sanofi Egypt,1,0,Fluconazole,Fluconazole
1439,Benzoyl Peroxide,Benzoyl Peroxide,Dermatology,Ointment,2%,118.14,2026-12-19,460,Memphis Pharma,1,0,Benzoyl Peroxide,Benzoyl Peroxide
1440,Nystatin Oral Drops,Nystatin,Kids Medications,Drops,120mg/5ml,92.74,2026-05-15,103,Memphis Pharma,1,0,Nystatin,Nystatin Oral Drops
1441,Clindamycin,Clindamycin,Antibiotics,Capsule,500mg,261.92,2025-04-29,41,Hikma Egypt,1,0,Clindamycin,Clindamycin
1442,Loratadine,Loratadine,Antihistamines,Nasal Spray,5mg,244.28,2026-04-20,352,Novartis Egypt,1,1,Loratadine,Loratadine
1443,Terbinafine Cream,Terbinafine,Dermatology,Cream,0.05%,280.01,2025-09-15,62,EIPICO,1,0,Terbinafine,Terbinafine Cream
1444,Augmentin Suspension,Amoxicillin/Clavulanate,Kids Medications,Syrup,200mg/5ml,68.27,2026-03-10,398,Memphis Pharma,1,0,Amoxicillin/Clavulanate,Augmentin Suspension
1445,Clotrimazole Pessary,Clotrimazole,Women Health,Capsule,500mcg,120.67,2027-10-09,395,Pharco,1,0,Clotrimazole,Clotrimazole Pessary
1446,Latanoprost Eye Drops,Latanoprost,Drops,Eye Drops,2%,253.92,2025-06-20,138,CID Pharma,1,0,Latanoprost,Latanoprost Eye Drops
1447,Glucosamine,Glucosamine Sulfate,Vitamins & Supplements,Effervescent Tablet,25mcg,114.73,2026-04-11,493,Memphis Pharma,1,0,Glucosamine Sulfate,Glucosamine
1448,Cyproheptadine,Cyproheptadine,Antihistamines,Nasal Spray,5mg,134.83,2026-08-10,134,Sanofi Egypt,1,0,Cyproheptadine,Cyproheptadine
1449,Ebastine,Ebastine,Antihistamines,Film-Coated Tablet,25mg,214.64,2026-09-01,46,Sigma Pharma,1,0,Ebastine,Kestine
1450,Pregabalin,Pregabalin,Painkillers,Tablet,400mg,268.08,2027-04-03,167,Sanofi Egypt,1,0,Pregabalin,Pregabalin
1451,Ketoconazole Shampoo,Ketoconazole,Dermatology,Shampoo,10%,127.1,2027-04-06,240,Tabuk Egypt,1,0,Ketoconazole,Nizoral
1452,Minoxidil Solution,Minoxidil,Dermatology,Gel,2%,226.77,2026-07-07,408,October Pharma,1,0,Minoxidil,Minoxidil Solution
1453,Emergency Contraception,Levonorgestrel 1.5mg,Women Health,Capsule,350mcg,337.74,2026-08-05,137,GSK Egypt,1,0,Levonorgestrel 1.5mg,Emergency Contraception
1454,Valsartan,Valsartan,Cardiovascular,Capsule,40mg,452.63,2026-10-13,22,Amriya Pharma,1,0,Valsartan,Valsartan
1455,Hydroxyzine,Hydroxyzine,Antihistamines,Film-Coated Tablet,1mg,200.58,2025-11-30,238,EIPICO,1,0,Hydroxyzine,Hydroxyzine
1456,Xylometazoline,Xylometazoline,Cough & Cold,Tablet,60mg,50.69,2027-10-06,131,AstraZeneca Egypt,1,0,Xylometazoline,Xylometazoline
1457,Azithromycin Suspension,Azithromycin,Kids Medications,Syrup,10mg/ml,51.05,2027-04-09,445,EIPICO,1,1,Azithromycin,Azithromycin Suspension
1458,Prenatal Vitamins,Multivitamin Prenatal,Women Health,Tablet,1.5mg,325.83,2025-07-23,327,Pharco,1,0,Multivitamin Prenatal,Prenatal Vitamins
1459,Furosemide,Furosemide,General,Tablet,1g,103.56,2026-12-30,374,Sigma Pharma,1,0,Furosemide,Furosemide
1460,Ambroxol,Ambroxol,Cough & Cold,Inhaler,6mg,69.93,2027-04-05,14,Hikma Egypt,1,1,Ambroxol,Ambroxol
1461,Pregabalin,Pregabalin,Painkillers,Patch,50mg,61.63,2027-05-03,421,Pfizer Egypt,1,0,Pregabalin,Pregabalin
1462,Montelukast Granules,Montelukast,Kids Medications,Sachet,5mg/5ml,101.99,2026-09-09,243,Mina Pharm,1,0,Montelukast,Montelukast Granules
1463,Loratadine,Loratadine,Antihistamines,Nasal Spray,180mg,172.82,2025-11-12,154,Amriya Pharma,1,1,Loratadine,Loratadine
1464,Betamethasone Cream,Betamethasone,Dermatology,Cream,10%,267.8,2027-04-02,273,EIPICO,1,0,Betamethasone,Betamethasone Cream
1465,Miconazole Cream,Miconazole,Dermatology,Cream,0.10%,117.53,2025-03-03,80,Global Napi,1,0,Miconazole,Miconazole Cream
1466,Meloxicam,Meloxicam,Painkillers,Patch,500mg,277.1,2027-08-03,26,CID Pharma,1,0,Meloxicam,Meloxicam
1467,Chloramphenicol Eye Drops,Chloramphenicol,Drops,Eye Drops,0.30%,139.24,2025-04-05,457,Sigma Pharma,1,0,Chloramphenicol,Chloramphenicol Eye Drops
1468,Spironolactone,Spironolactone,General,Film-Coated Tablet,5mg,144.82,2025-10-29,126,Al Debeiky,1,0,Spironolactone,Aldactone
1469,Oxytocin,Oxytocin,Women Health,Pessary,5mg,122.16,2027-07-27,282,Bayer Egypt,1,0,Oxytocin,Oxytocin
1470,Fluconazole,Fluconazole,Antibiotics,Injection,400mg,221.6,2026-11-15,352,Memphis Pharma,1,0,Fluconazole,Fluconazole
1471,Alendronate,Alendronate,Women Health,Capsule,2mg,51.27,2025-07-26,380,Medical Union,1,0,Alendronate,Alendronate
1472,Piroxicam,Piroxicam,Painkillers,Tablet,100mg,291.35,2027-03-30,169,Pharco,1,0,Piroxicam,Piroxicam
1473,Probiotics,Lactobacillus,Vitamins & Supplements,Sachet,50000IU,41.59,2027-05-28,410,EIPICO,1,0,Lactobacillus,Probiotics
1474,Metoclopramide,Metoclopramide,Gastrointestinal,Tablet,30mg,77.97,2026-04-04,270,Bayer Egypt,1,0,Metoclopramide,Metoclopramide
1475,Metronidazole,Metronidazole,Antibiotics,Suspension,125mg/5ml,306.32,2027-04-23,149,Sanofi Egypt,1,0,Metronidazole,Metronidazole
1476,Ezetimibe,Ezetimibe,Cardiovascular,Sublingual Tablet,50mg,197.45,2026-03-19,282,Hikma Egypt,1,0,Ezetimibe,Ezetimibe
1477,Minoxidil Solution,Minoxidil,Dermatology,Solution,0.03%,260.75,2027-08-03,16,Pfizer Egypt,1,0,Minoxidil,Minoxidil Solution
1478,Enalapril,Enalapril,Cardiovascular,Extended-Release Tablet,20mg,459.2,2025-06-10,412,Mina Pharm,1,0,Enalapril,Enalapril
1479,Acyclovir Suspension,Acyclovir,Kids Medications,Syrup,250mg/5ml,93.46,2025-08-02,233,Mina Pharm,1,0,Acyclovir,Acyclovir Suspension
1480,Atenolol,Atenolol,Cardiovascular,Tablet,0.25mg,492.49,2026-11-14,499,Tabuk Egypt,1,0,Atenolol,Atenolol
1481,Tamoxifen,Tamoxifen,General,Capsule,40mg,96.67,2025-07-30,491,Medical Union,1,0,Tamoxifen,Tamoxifen
1482,Isotretinoin,Isotretinoin,Dermatology,Cream,10%,107.22,2026-01-25,442,EIPICO,1,0,Isotretinoin,Isotretinoin
1483,Gliclazide,Gliclazide,Antidiabetics,Film-Coated Tablet,100IU/ml,514.36,2025-02-15,305,GSK Egypt,1,0,Gliclazide,Gliclazide
1484,Moxifloxacin Eye Drops,Moxifloxacin,Drops,Eye Drops,0.30%,220.35,2027-01-30,126,Pharco,1,0,Moxifloxacin,Moxifloxacin Eye Drops
1485,Bimatoprost Eye Drops,Bimatoprost,Drops,Eye Drops,0.30%,288.07,2025-03-15,63,October Pharma,1,0,Bimatoprost,Bimatoprost Eye Drops
1486,Rifampicin,Rifampicin,Antibiotics,Capsule,125mg/5ml,326.07,2025-12-08,235,Pharco,1,0,Rifampicin,Rifampicin
1487,Domperidone,Domperidone,Gastrointestinal,Suppository,5mg,189.66,2025-05-13,115,October Pharma,1,1,Domperidone,Domperidone
1488,Ebastine,Ebastine,Antihistamines,Film-Coated Tablet,10mg,175.75,2027-03-24,486,AstraZeneca Egypt,1,0,Ebastine,Kestine
1489,Vitamin B12,Cyanocobalamin,Vitamins & Supplements,Capsule,100mg,114.67,2025-11-27,33,GSK Egypt,1,0,Cyanocobalamin,Vitamin B12
1490,Metoprolol,Metoprolol,Cardiovascular,Extended-Release Tablet,20mg,116.74,2025-05-06,268,Global Napi,1,0,Metoprolol,Metoprolol
1491,Letrozole,Letrozole,Women Health,Tablet,500mcg,72.94,2025-04-20,498,Pharco,1,0,Letrozole,Letrozole
1492,Tizanidine,Tizanidine,Painkillers,Extended-Release Tablet,100mg,70.92,2026-06-02,38,Eva Pharma,1,0,Tizanidine,Tizanidine
1493,Artificial Tears,Hypromellose,Drops,Ear Drops,0.50%,230.79,2025-10-25,47,October Pharma,1,0,Hypromellose,Artificial Tears
1494,Ibuprofen 400mg,Ibuprofen,Painkillers,Patch,10mg,223.14,2025-03-26,225,CID Pharma,1,1,Ibuprofen,Brufen
1495,Latanoprost Eye Drops,Latanoprost,Drops,Eye Drops,0.20%,259.32,2025-05-24,35,Novartis Egypt,1,0,Latanoprost,Latanoprost Eye Drops
1496,Ambroxol,Ambroxol,Cough & Cold,Nasal Spray,600mg,120.58,2026-03-17,436,Al Debeiky,1,1,Ambroxol,Ambroxol
1497,Vitamin B6,Pyridoxine,Vitamins & Supplements,Capsule,400IU,95.11,2025-11-03,467,Mina Pharm,1,0,Pyridoxine,Vitamin B6
1498,Canagliflozin,Canagliflozin,Antidiabetics,Tablet,100IU/ml,144.76,2025-04-23,165,October Pharma,1,0,Canagliflozin,Canagliflozin
1499,Tamoxifen,Tamoxifen,General,Injection,1g,198.18,2025-03-10,450,Novartis Egypt,1,0,Tamoxifen,Tamoxifen
1500,Simethicone Drops,Simethicone,Kids Medications,Drops,120mg/5ml,163.55,2027-05-15,333,Medical Union,1,0,Simethicone,Simethicone Drops
1501,Raloxifene,Raloxifene,Women Health,Patch,500mcg,274.94,2026-07-04,483,AstraZeneca Egypt,1,0,Raloxifene,Raloxifene
1502,Vitamin D3,Cholecalciferol,Vitamins & Supplements,Sachet,25mcg,225.79,2025-10-01,186,Novartis Egypt,1,1,Cholecalciferol,Vitamin D3
1503,Glimepiride,Glimepiride,Antidiabetics,Film-Coated Tablet,1.34mg/ml,435.08,2026-07-22,64,October Pharma,1,0,Glimepiride,Glimepiride
1504,Magnesium,Magnesium Oxide,Vitamins & Supplements,Effervescent Tablet,400IU,65.79,2025-06-01,269,Hikma Egypt,1,0,Magnesium Oxide,Magnesium
1505,Gentamicin,Gentamicin,Antibiotics,Suspension,875/125mg,252.98,2026-09-21,160,Tabuk Egypt,1,0,Gentamicin,Garamycin
1506,Timolol Eye Drops,Timolol,Drops,Eye Drops,10ml,299.05,2027-09-03,407,Sanofi Egypt,1,0,Timolol,Timolol Eye Drops
1507,Antacid,Aluminum/Magnesium Hydroxide,Gastrointestinal,Suppository,40mg,73.2,2026-12-22,284,Pfizer Egypt,1,0,Aluminum/Magnesium Hydroxide,Antacid
1508,Liraglutide,Liraglutide,Antidiabetics,Extended-Release Tablet,500mg,548.93,2027-01-05,390,Pfizer Egypt,1,0,Liraglutide,Victoza
1509,Olopatadine,Olopatadine,Antihistamines,Tablet,1mg,89.88,2027-02-23,445,Amriya Pharma,1,0,Olopatadine,Olopatadine
1510,Ivabradine,Ivabradine,Cardiovascular,Capsule,0.25mg,351.05,2027-10-13,301,Bayer Egypt,1,0,Ivabradine,Ivabradine
1511,Methylprednisolone,Methylprednisolone,General,Tablet,250mg,125.22,2026-03-19,484,EIPICO,1,0,Methylprednisolone,Methylprednisolone
1512,Bisoprolol,Bisoprolol,Cardiovascular,Capsule,25mg,381.36,2027-08-18,186,AstraZeneca Egypt,1,0,Bisoprolol,Bisoprolol
1513,Aspirin,Aspirin,General,Tablet,100mg,203.46,2025-09-23,168,October Pharma,1,0,Aspirin,Aspirin
1514,Letrozole,Letrozole,Women Health,Tablet,150mcg/30mcg,254.1,2027-09-27,211,October Pharma,1,0,Letrozole,Letrozole
1515,Isoniazid,Isoniazid,Antibiotics,Suspension,400mg,35.63,2026-02-08,267,Pharco,1,0,Isoniazid,Isoniazid
1516,Xylometazoline Drops,Xylometazoline,Drops,Drops,3ml,65.2,2026-12-11,397,Sanofi Egypt,1,0,Xylometazoline,Xylometazoline Drops
1517,Cephalexin,Cefalexin,Antibiotics,Injection,200mg,245.4,2025-08-17,25,Bayer Egypt,1,0,Cefalexin,Keflex
1518,Zinc Syrup,Zinc Sulfate,Kids Medications,Syrup,120mg/5ml,149.48,2026-06-08,166,October Pharma,1,0,Zinc Sulfate,Zinc Syrup
1519,Bisoprolol,Bisoprolol,Cardiovascular,Sublingual Tablet,0.25mg,321.05,2026-05-04,238,Eva Pharma,1,0,Bisoprolol,Bisoprolol
1520,Brimonidine Eye Drops,Brimonidine,Drops,Eye Drops,10ml,244.31,2026-12-17,321,Tabuk Egypt,1,0,Brimonidine,Brimonidine Eye Drops
1521,Loratadine Syrup,Loratadine,Kids Medications,Syrup,10mg/ml,52.62,2027-09-20,435,October Pharma,1,1,Loratadine,Loratadine Syrup
1522,Finasteride,Finasteride,General,Tablet,200mg,146.96,2025-06-12,232,Pfizer Egypt,1,0,Finasteride,Proscar
1523,Simethicone Drops,Simethicone,Kids Medications,Drops,10mg/ml,174.51,2027-08-28,279,Al Debeiky,1,0,Simethicone,Simethicone Drops
1524,Augmentin,Amoxicillin/Clavulanate,Antibiotics,Tablet,1g,122.03,2026-01-28,74,Tabuk Egypt,1,1,Amoxicillin/Clavulanate,Augmentin
1525,Doxycycline,Doxycycline,Antibiotics,Powder for Injection,200mg,273.35,2025-11-25,268,Pharco,1,0,Doxycycline,Doxycycline
1526,Emergency Contraception,Levonorgestrel 1.5mg,Women Health,Capsule,100mg,80.49,2025-11-20,286,Sanofi Egypt,1,0,Levonorgestrel 1.5mg,Emergency Contraception
1527,Magnesium,Magnesium Oxide,Vitamins & Supplements,Tablet,50000IU,148.21,2027-08-28,439,Al Debeiky,1,0,Magnesium Oxide,Magnesium
1528,Rosuvastatin,Rosuvastatin,Cardiovascular,Injection,0.25mg,373.59,2025-08-15,182,CID Pharma,1,0,Rosuvastatin,Crestor
1529,Ebastine,Ebastine,Antihistamines,Nasal Spray,1mg,155.36,2026-09-30,5,Medical Union,1,0,Ebastine,Kestine
1530,Tibolone,Tibolone,Women Health,Vaginal Tablet,2mg,216.58,2025-08-17,177,Mina Pharm,1,0,Tibolone,Tibolone
1531,Lansoprazole,Lansoprazole,Gastrointestinal,Sachet,40mg,160.57,2027-02-18,243,EIPICO,1,0,Lansoprazole,Lansoprazole
1532,Rosuvastatin,Rosuvastatin,Cardiovascular,Tablet,100mg,82.46,2027-04-03,191,Tabuk Egypt,1,0,Rosuvastatin,Crestor
1533,Vicks VapoRub,Camphor/Menthol,Cough & Cold,Tablet,100mg,68.54,2025-09-03,434,October Pharma,1,0,Camphor/Menthol,Vicks VapoRub
1534,Dulaglutide,Dulaglutide,Antidiabetics,Extended-Release Tablet,850mg,53.14,2025-10-17,331,Bayer Egypt,1,0,Dulaglutide,Trulicity
1535,Fexofenadine,Fexofenadine,Antihistamines,Film-Coated Tablet,1mg,139.51,2026-11-27,323,Novartis Egypt,1,0,Fexofenadine,Fexofenadine
1536,Pantoprazole,Pantoprazole,Gastrointestinal,Suspension,40mg,24.7,2027-02-27,106,AstraZeneca Egypt,1,1,Pantoprazole,Pantoprazole
1537,Artificial Tears,Hypromellose,Drops,Eye Drops,0.01%,155.11,2027-03-28,95,GSK Egypt,1,0,Hypromellose,Artificial Tears
1538,Loperamide,Loperamide,Gastrointestinal,Tablet,1g,139.28,2025-08-03,444,Memphis Pharma,1,0,Loperamide,Loperamide
1539,Methylprednisolone,Methylprednisolone,General,Tablet,10mg,248.04,2025-09-05,89,Amriya Pharma,1,0,Methylprednisolone,Methylprednisolone
1540,Urea Cream,Urea,Dermatology,Cream,5%,147.85,2025-07-05,269,Bayer Egypt,1,0,Urea,Urea Cream
1541,Omega-3,Fish Oil,Vitamins & Supplements,Effervescent Tablet,25mcg,48.87,2027-06-12,225,Mina Pharm,1,0,Fish Oil,Omega-3
1542,Clotrimazole Ear Drops,Clotrimazole,Drops,Drops,10ml,246.39,2027-10-03,495,Global Napi,1,0,Clotrimazole,Clotrimazole Ear Drops
1543,Adapalene,Adapalene,Dermatology,Lotion,0.10%,316.56,2026-05-02,162,Hikma Egypt,1,0,Adapalene,Adapalene
1544,Augmentin,Amoxicillin/Clavulanate,Antibiotics,Injection,875/125mg,69.07,2026-05-29,99,Al Debeiky,1,1,Amoxicillin/Clavulanate,Augmentin
1545,Omeprazole,Omeprazole,Gastrointestinal,Syrup,500mg,72.71,2026-07-21,291,Sigma Pharma,1,1,Omeprazole,Omeprazole
1546,Domperidone,Domperidone,Gastrointestinal,Capsule,15mlsachet,131.74,2025-06-09,412,AstraZeneca Egypt,1,1,Domperidone,Domperidone
1547,Terbinafine Cream,Terbinafine,Dermatology,Cream,0.10%,287.28,2025-04-17,344,October Pharma,1,0,Terbinafine,Terbinafine Cream
1548,Guaifenesin,Guaifenesin,Cough & Cold,Nasal Spray,100mg,82.94,2027-03-15,229,GSK Egypt,1,0,Guaifenesin,Guaifenesin
1549,Ear Wax Softener,Docusate Sodium,Drops,Nasal Drops,0.30%,52.47,2026-01-14,234,October Pharma,1,0,Docusate Sodium,Ear Wax Softener
1550,Prednisolone Eye Drops,Prednisolone,Drops,Eye Drops,5ml,278.29,2025-09-14,137,Sigma Pharma,1,0,Prednisolone,Prednisolone Eye Drops
1551,Furosemide,Furosemide,General,Capsule,500mg,40.8,2025-07-25,338,Hikma Egypt,1,0,Furosemide,Furosemide
1552,Clarithromycin,Clarithromycin,Antibiotics,Injection,1g,134.88,2025-06-24,322,October Pharma,1,0,Clarithromycin,Clarithromycin
1553,Antacid,Aluminum/Magnesium Hydroxide,Gastrointestinal,Tablet,1g,181.04,2027-06-09,444,Sigma Pharma,1,0,Aluminum/Magnesium Hydroxide,Antacid
1554,Dydrogesterone,Dydrogesterone,Women Health,Capsule,1.5mg,218.31,2027-02-26,178,Mina Pharm,1,0,Dydrogesterone,Duphaston
1555,Ceftriaxone,Ceftriaxone,Antibiotics,Suspension,125mg/5ml,314.26,2026-11-14,261,GSK Egypt,1,0,Ceftriaxone,Ceftriaxone
1556,Permethrin Cream,Permethrin,Dermatology,Cream,5%,43.87,2025-03-03,111,Mina Pharm,1,0,Permethrin,Permethrin Cream
1557,Augmentin,Amoxicillin/Clavulanate,Antibiotics,Tablet,125mg/5ml,240.08,2025-11-20,75,Sigma Pharma,1,1,Amoxicillin/Clavulanate,Augmentin
1558,Promethazine,Promethazine,Antihistamines,Capsule,5mg,185.35,2025-06-13,247,Sigma Pharma,1,0,Promethazine,Promethazine
1559,Salbutamol Nebules,Salbutamol,Kids Medications,Drops,120mg/5ml,161.21,2026-05-15,115,Novartis Egypt,1,0,Salbutamol,Salbutamol Nebules
1560,Piroxicam,Piroxicam,Painkillers,Patch,75mg,169.1,2027-09-13,171,Pfizer Egypt,1,0,Piroxicam,Piroxicam
1561,Hyoscine,Hyoscine Butylbromide,Gastrointestinal,Tablet,5mg,184.7,2026-05-08,411,Sigma Pharma,1,0,Hyoscine Butylbromide,Hyoscine
1562,Clotrimazole Ear Drops,Clotrimazole,Drops,Drops,3ml,255.23,2026-08-26,129,Sanofi Egypt,1,0,Clotrimazole,Clotrimazole Ear Drops
1563,Clotrimazole Pessary,Clotrimazole,Women Health,Vaginal Tablet,5mg,370.64,2025-08-11,280,Bayer Egypt,1,0,Clotrimazole,Clotrimazole Pessary
1564,Clomiphene,Clomiphene Citrate,Women Health,Capsule,500mcg,92.37,2026-02-09,396,Al Debeiky,1,0,Clomiphene Citrate,Clomiphene
1565,Augmentin Suspension,Amoxicillin/Clavulanate,Kids Medications,Syrup,200mg/5ml,123.23,2027-02-08,357,Mina Pharm,1,0,Amoxicillin/Clavulanate,Augmentin Suspension
1566,Lansoprazole,Lansoprazole,Gastrointestinal,Syrup,40mg,148.7,2027-04-02,443,Amriya Pharma,1,0,Lansoprazole,Lansoprazole
1567,Bisacodyl,Bisacodyl,Gastrointestinal,Tablet,1g,20.6,2027-01-06,479,AstraZeneca Egypt,1,0,Bisacodyl,Bisacodyl
1568,Paracetamol Syrup,Paracetamol,Kids Medications,Syrup,100mg/5ml,44.69,2025-12-19,87,October Pharma,1,1,Paracetamol,Panadol
1569,Zinc,Zinc Sulfate,Vitamins & Supplements,Softgel,1000IU,29.92,2025-10-26,180,Novartis Egypt,1,0,Zinc Sulfate,Zinc
1570,Diclofenac 50mg,Diclofenac Sodium,Painkillers,Injection,10mg,23.26,2026-10-18,495,AstraZeneca Egypt,1,0,Diclofenac Sodium,Voltaren
1571,Domperidone,Domperidone,Gastrointestinal,Suspension,20mg,135.22,2025-12-16,484,Memphis Pharma,1,1,Domperidone,Domperidone
1572,Glibenclamide,Glibenclamide,Antidiabetics,Pen Injector,850mg,282.55,2025-07-16,480,EIPICO,1,0,Glibenclamide,Glibenclamide
1573,Colchicine,Colchicine,General,Film-Coated Tablet,5mg,226.56,2026-10-13,41,Bayer Egypt,1,0,Colchicine,Colchicine
1574,Paracetamol 1g,Paracetamol,Painkillers,Tablet,500mg,286.38,2025-09-26,467,Bayer Egypt,1,1,Paracetamol,Panadol
1575,Vitamin B6,Pyridoxine,Vitamins & Supplements,Capsule,400IU,260.29,2027-09-14,387,Pfizer Egypt,1,0,Pyridoxine,Vitamin B6
1576,Ciprofloxacin,Ciprofloxacin,Antibiotics,Tablet,200mg,196.89,2025-12-05,272,Medical Union,1,1,Ciprofloxacin,Ciprofloxacin
1577,Glucosamine,Glucosamine Sulfate,Vitamins & Supplements,Capsule,200mg,79.98,2026-08-21,4,Amriya Pharma,1,0,Glucosamine Sulfate,Glucosamine
1578,Moxifloxacin Eye Drops,Moxifloxacin,Drops,Eye Drops,0.30%,247.08,2026-01-12,251,Tabuk Egypt,1,0,Moxifloxacin,Moxifloxacin Eye Drops
1579,Naproxen,Naproxen,Painkillers,Injection,100mg,15.93,2025-05-25,359,Hikma Egypt,1,0,Naproxen,Apranax
1580,Betamethasone Cream,Betamethasone,Dermatology,Cream,1%,192.04,2026-08-26,19,Pharco,1,0,Betamethasone,Betamethasone Cream
1581,Celecoxib,Celecoxib,Painkillers,Capsule,400mg,69.87,2027-09-17,310,Pharco,1,0,Celecoxib,Celebrex
1582,Dapagliflozin,Dapagliflozin,Antidiabetics,Film-Coated Tablet,500mg,568.29,2027-01-14,58,EIPICO,1,1,Dapagliflozin,Dapagliflozin
1583,Methylprednisolone,Methylprednisolone,General,Tablet,10mg,75.86,2027-08-29,190,Memphis Pharma,1,0,Methylprednisolone,Methylprednisolone
1584,Vitamin D Drops,Cholecalciferol,Kids Medications,Drops,250mg/5ml,37.36,2025-11-24,108,Eva Pharma,1,0,Cholecalciferol,Vitamin D Drops
1585,Ambroxol,Ambroxol,Cough & Cold,Lozenges,60mg,154.96,2025-04-10,324,Tabuk Egypt,1,1,Ambroxol,Ambroxol
1586,Acyclovir,Acyclovir,Antibiotics,Capsule,500mg,194.87,2025-12-20,343,Amriya Pharma,1,0,Acyclovir,Acyclovir
1587,Miconazole Cream,Miconazole,Dermatology,Cream,0.05%,59.23,2026-05-11,379,Pfizer Egypt,1,0,Miconazole,Miconazole Cream
1588,Ibuprofen 400mg,Ibuprofen,Painkillers,Injection,50mg,275.76,2026-07-06,414,Global Napi,1,1,Ibuprofen,Brufen
1589,Paracetamol,Paracetamol,General,Capsule,100mg,117.49,2025-04-10,176,Mina Pharm,1,1,Paracetamol,Panadol
1590,Isotretinoin,Isotretinoin,Dermatology,Lotion,0.10%,161.13,2027-06-22,121,Bayer Egypt,1,0,Isotretinoin,Isotretinoin
1591,Warfarin,Warfarin Sodium,General,Tablet,250mg,91.05,2027-10-16,45,Memphis Pharma,1,0,Warfarin Sodium,Warfarin
1592,Ibuprofen Syrup,Ibuprofen,Kids Medications,Syrup,250mg/5ml,170.64,2027-05-29,22,Eva Pharma,1,1,Ibuprofen,Brufen
1593,Doxycycline,Doxycycline,Antibiotics,Suspension,1g,200.52,2027-01-06,42,October Pharma,1,0,Doxycycline,Doxycycline
1594,Codeine,Codeine Phosphate,Painkillers,Patch,500mg,296.87,2027-04-03,410,Memphis Pharma,1,0,Codeine Phosphate,Codeine
1595,Semaglutide,Semaglutide,Antidiabetics,Extended-Release Tablet,10mcg,226.99,2026-04-26,198,AstraZeneca Egypt,1,1,Semaglutide,Ozempic
1596,Ezetimibe,Ezetimibe,Cardiovascular,Capsule,100mg,241.53,2025-08-05,202,Pharco,1,0,Ezetimibe,Ezetimibe
1597,Latanoprost Eye Drops,Latanoprost,Drops,Eye Drops,1%,117.39,2025-02-20,392,AstraZeneca Egypt,1,0,Latanoprost,Latanoprost Eye Drops
1598,Metronidazole Suspension,Metronidazole,Kids Medications,Syrup,120mg/5ml,160.54,2027-05-23,215,Medical Union,1,0,Metronidazole,Metronidazole Suspension
1599,Hydroxyzine,Hydroxyzine,Antihistamines,Tablet,180mg,229.5,2026-10-07,241,CID Pharma,1,0,Hydroxyzine,Hydroxyzine
1600,Nystatin Oral Drops,Nystatin,Kids Medications,Drops,250mg/5ml,173.07,2026-07-16,122,Tabuk Egypt,1,0,Nystatin,Nystatin Oral Drops
1601,Metformin,Metformin,Antidiabetics,Extended-Release Tablet,500mg,67.16,2026-10-14,76,Pfizer Egypt,1,1,Metformin,Glucophage
1602,Cabergoline,Cabergoline,Women Health,Tablet,150mcg/30mcg,94.56,2027-01-28,381,Tabuk Egypt,1,0,Cabergoline,Cabergoline
1603,Carbocisteine,Carbocisteine,Cough & Cold,Inhaler,600mg,83.84,2026-07-07,110,Pfizer Egypt,1,0,Carbocisteine,Carbocisteine
1604,Azelastine Nasal,Azelastine,Antihistamines,Nasal Spray,5mg/5ml,91.77,2025-02-03,361,Al Debeiky,1,0,Azelastine,Azelastine Nasal
1605,Rifampicin,Rifampicin,Antibiotics,Injection,200mg,142.21,2026-10-28,451,Medical Union,1,0,Rifampicin,Rifampicin
1606,Folic Acid,Folic Acid,Vitamins & Supplements,Tablet,50000IU,28.73,2026-12-10,95,Tabuk Egypt,1,0,Folic Acid,Folicap
1607,Salbutamol Inhaler,Salbutamol,Cough & Cold,Nasal Spray,100mg,160.84,2026-02-16,394,Tabuk Egypt,1,1,Salbutamol,Salbutamol Inhaler
1608,Metronidazole Suspension,Metronidazole,Kids Medications,Syrup,10mg/ml,184.48,2027-03-14,431,Hikma Egypt,1,0,Metronidazole,Metronidazole Suspension
1609,Gabapentin,Gabapentin,Painkillers,Extended-Release Tablet,25mg,168.83,2025-11-02,58,Bayer Egypt,1,0,Gabapentin,Gabapentin
1610,Colchicine,Colchicine,General,Injection,10mg,196.14,2025-09-23,472,Al Debeiky,1,0,Colchicine,Colchicine
1611,Cetirizine,Cetirizine,Antihistamines,Tablet,25mg,29.59,2025-08-07,252,Memphis Pharma,1,1,Cetirizine,Cetirizine
1612,Magnesium,Magnesium Oxide,Vitamins & Supplements,Capsule,25mcg,61.7,2026-10-31,364,Novartis Egypt,1,0,Magnesium Oxide,Magnesium
1613,Acetylcysteine,N-Acetylcysteine,Cough & Cold,Tablet,0.10%,174.3,2026-01-18,17,Tabuk Egypt,1,0,N-Acetylcysteine,Acetylcysteine
1614,Etoricoxib,Etoricoxib,Painkillers,Injection,75mg,42.72,2025-05-26,476,Amriya Pharma,1,0,Etoricoxib,Etoricoxib
1615,Valsartan,Valsartan,Cardiovascular,Sublingual Tablet,50mg,135.34,2026-08-11,238,CID Pharma,1,0,Valsartan,Valsartan
1616,Vitamin B6,Pyridoxine,Vitamins & Supplements,Sachet,1000mcg,193.13,2027-09-09,49,Pharco,1,0,Pyridoxine,Vitamin B6
1617,Letrozole,Letrozole,Women Health,Pessary,5mg,84.5,2025-05-06,220,Novartis Egypt,1,0,Letrozole,Letrozole
1618,Raloxifene,Raloxifene,Women Health,Vaginal Tablet,150mcg/30mcg,36.98,2025-06-03,200,AstraZeneca Egypt,1,0,Raloxifene,Raloxifene
1619,Acetylcysteine,N-Acetylcysteine,Cough & Cold,Inhaler,60mg,143.79,2026-05-10,374,Pharco,1,0,N-Acetylcysteine,Acetylcysteine
1620,Atorvastatin,Atorvastatin,Cardiovascular,Extended-Release Tablet,0.25mg,47.16,2025-06-19,65,Medical Union,1,1,Atorvastatin,Atorvastatin
1621,Ceftriaxone,Ceftriaxone,Antibiotics,Injection,50mg/ml,281.17,2025-08-29,447,Sigma Pharma,1,0,Ceftriaxone,Ceftriaxone
1622,Ciprofloxacin,Ciprofloxacin,Antibiotics,Powder for Injection,400mg,268.11,2025-10-17,232,Medical Union,1,1,Ciprofloxacin,Ciprofloxacin
1623,Lansoprazole,Lansoprazole,Gastrointestinal,Suspension,15mlsachet,64.09,2027-01-28,360,Medical Union,1,0,Lansoprazole,Lansoprazole
1624,Clindamycin Gel,Clindamycin,Dermatology,Gel,0.50%,72.82,2027-09-05,45,AstraZeneca Egypt,1,0,Clindamycin,Clindamycin Gel
1625,Carbocisteine,Carbocisteine,Cough & Cold,Nasal Spray,100mg,163.36,2025-08-24,248,Sanofi Egypt,1,0,Carbocisteine,Carbocisteine
1626,Melatonin,Melatonin,Vitamins & Supplements,Tablet,1000mcg,229.32,2027-04-11,482,EIPICO,1,0,Melatonin,Melatonin
1627,Acyclovir,Acyclovir,Antibiotics,Capsule,200mg,273.59,2027-06-16,46,Tabuk Egypt,1,0,Acyclovir,Acyclovir
1628,Montelukast Granules,Montelukast,Kids Medications,Chewable Tablet,200mg/5ml,144.76,2027-01-28,364,AstraZeneca Egypt,1,0,Montelukast,Montelukast Granules
1629,Hydrocortisone,Hydrocortisone,General,Tablet,5mg,166.95,2025-07-20,44,Pfizer Egypt,1,0,Hydrocortisone,Hydrocortisone
1630,Clotrimazole Ear Drops,Clotrimazole,Drops,Drops,5ml,162.55,2025-04-02,356,EIPICO,1,0,Clotrimazole,Clotrimazole Ear Drops
1631,Valsartan,Valsartan,Cardiovascular,Extended-Release Tablet,10mg,66.25,2027-05-20,386,Tabuk Egypt,1,0,Valsartan,Valsartan
1632,Ciprofloxacin,Ciprofloxacin,Antibiotics,Powder for Injection,125mg/5ml,125.92,2025-12-26,81,GSK Egypt,1,1,Ciprofloxacin,Ciprofloxacin
1633,Mefenamic Acid,Mefenamic Acid,Painkillers,Capsule,25mg,273.68,2026-11-14,420,Amriya Pharma,1,0,Mefenamic Acid,Mefenamic Acid
1634,Acetylcysteine,N-Acetylcysteine,Cough & Cold,Lozenges,15mg/5ml,120.36,2025-08-07,89,Tabuk Egypt,1,0,N-Acetylcysteine,Acetylcysteine
1635,Fluconazole,Fluconazole,Antibiotics,Suspension,1g,228.98,2025-11-05,394,Mina Pharm,1,0,Fluconazole,Fluconazole
1636,Desloratadine,Desloratadine,Antihistamines,Capsule,25mg,128.89,2026-11-01,367,Medical Union,1,0,Desloratadine,Desloratadine
1637,Calcium,Calcium Carbonate,Vitamins & Supplements,Softgel,10mg,138.19,2026-05-04,431,Tabuk Egypt,1,0,Calcium Carbonate,Calcium
1638,Gripe Water,Dill Oil/Sodium Bicarbonate,Kids Medications,Suspension,200mg/5ml,149.09,2026-07-23,443,EIPICO,1,0,Dill Oil/Sodium Bicarbonate,Gripe Water
1639,Diltiazem,Diltiazem,Cardiovascular,Extended-Release Tablet,100mg,437.43,2025-07-23,327,Global Napi,1,0,Diltiazem,Diltiazem
1640,Magnesium Sulfate,Magnesium Sulfate,Women Health,Vaginal Tablet,1.5mg,79.08,2025-07-30,426,Memphis Pharma,1,0,Magnesium Sulfate,Magnesium Sulfate
1641,Metronidazole,Metronidazole,Antibiotics,Tablet,875/125mg,64.59,2027-09-14,309,Pharco,1,0,Metronidazole,Metronidazole
1642,Throat Lozenges,Benzocaine,Cough & Cold,Sachet,60mg,101.98,2027-04-05,91,Global Napi,1,0,Benzocaine,Throat Lozenges
1643,Paracetamol 1g,Paracetamol,Painkillers,Tablet,10mg,23.91,2026-12-07,395,GSK Egypt,1,1,Paracetamol,Panadol
1644,Fexofenadine,Fexofenadine,Antihistamines,Capsule,120mg,37.12,2027-07-05,159,CID Pharma,1,0,Fexofenadine,Fexofenadine
1645,Iron Supplement,Ferrous Sulfate,Vitamins & Supplements,Capsule,25mcg,48.71,2025-12-16,165,CID Pharma,1,0,Ferrous Sulfate,Iron Supplement
1646,Clarithromycin,Clarithromycin,Antibiotics,Capsule,50mg/ml,251.44,2026-01-18,36,Mina Pharm,1,0,Clarithromycin,Clarithromycin
1647,Gripe Water,Dill Oil/Sodium Bicarbonate,Kids Medications,Drops,5mg/5ml,154.57,2027-05-17,185,Tabuk Egypt,1,0,Dill Oil/Sodium Bicarbonate,Gripe Water
1648,Simvastatin,Simvastatin,Cardiovascular,Tablet,50mg,416.74,2025-11-24,379,GSK Egypt,1,0,Simvastatin,Simvastatin
1649,Metoprolol,Metoprolol,Cardiovascular,Extended-Release Tablet,50mg,277.9,2027-05-12,129,GSK Egypt,1,0,Metoprolol,Metoprolol
1650,Xylometazoline,Xylometazoline,Cough & Cold,Lozenges,15mg/5ml,41.35,2027-07-30,330,Eva Pharma,1,0,Xylometazoline,Xylometazoline
1651,Tramadol 50mg,Tramadol HCl,Painkillers,Extended-Release Tablet,25mg,27.03,2027-03-23,282,Tabuk Egypt,1,0,Tramadol HCl,Tramadol 50mg
1652,Carbocisteine,Carbocisteine,Cough & Cold,Lozenges,600mg,132.67,2026-04-27,99,Pfizer Egypt,1,0,Carbocisteine,Carbocisteine
1653,Tizanidine,Tizanidine,Painkillers,Suppository,25mg,171.04,2027-05-14,489,Bayer Egypt,1,0,Tizanidine,Tizanidine
1654,Bromhexine,Bromhexine,Cough & Cold,Lozenges,100mg,96.89,2027-07-11,111,Tabuk Egypt,1,0,Bromhexine,Bromhexine
1655,Augmentin,Amoxicillin/Clavulanate,Antibiotics,Capsule,125mg/5ml,72.83,2025-09-13,57,Global Napi,1,1,Amoxicillin/Clavulanate,Augmentin
1656,Prednisolone,Prednisolone,General,Film-Coated Tablet,100mg,214.74,2026-01-12,77,CID Pharma,1,0,Prednisolone,Prednisolone
1657,Atorvastatin,Atorvastatin,Cardiovascular,Capsule,50mg,261.68,2027-08-15,274,Pharco,1,1,Atorvastatin,Atorvastatin
1658,Ketotifen,Ketotifen,Antihistamines,Tablet,10mg,35.92,2027-08-22,467,Pharco,1,0,Ketotifen,Ketotifen
1659,Paracetamol 1g,Paracetamol,Painkillers,Patch,400mg,115.94,2027-08-12,251,October Pharma,1,1,Paracetamol,Panadol
1660,Urea Cream,Urea,Dermatology,Cream,0.50%,239.34,2025-09-30,9,CID Pharma,1,0,Urea,Urea Cream
1661,Doxycycline,Doxycycline,Antibiotics,Injection,50mg/ml,306.09,2025-06-04,299,October Pharma,1,0,Doxycycline,Doxycycline
1662,Acyclovir Suspension,Acyclovir,Kids Medications,Syrup,5mg/5ml,123,2025-12-06,198,October Pharma,1,0,Acyclovir,Acyclovir Suspension
1663,Metoclopramide,Metoclopramide,Gastrointestinal,Tablet,5mg,62.19,2027-04-19,24,Pfizer Egypt,1,0,Metoclopramide,Metoclopramide
1664,Codeine,Codeine Phosphate,Painkillers,Tablet,100mg,246.23,2025-06-10,147,Novartis Egypt,1,0,Codeine Phosphate,Codeine
1665,Levofloxacin,Levofloxacin,Antibiotics,Suspension,125mg/5ml,263.96,2027-01-16,178,Mina Pharm,1,0,Levofloxacin,Tavanic
1666,Baclofen,Baclofen,Painkillers,Tablet,200mg,284.24,2026-04-17,85,CID Pharma,1,0,Baclofen,Baclofen
1667,Isotretinoin,Isotretinoin,Dermatology,Solution,2%,254.33,2025-04-05,200,Tabuk Egypt,1,0,Isotretinoin,Isotretinoin
1668,Empagliflozin,Empagliflozin,Antidiabetics,Film-Coated Tablet,1.34mg/ml,501.5,2026-01-20,389,Tabuk Egypt,1,0,Empagliflozin,Empagliflozin
1669,Oxymetazoline,Oxymetazoline,Cough & Cold,Nasal Spray,0.10%,72.54,2026-06-07,201,Sigma Pharma,1,0,Oxymetazoline,Oxymetazoline
1670,Desloratadine,Desloratadine,Antihistamines,Nasal Spray,180mg,54.18,2027-07-02,190,Amriya Pharma,1,0,Desloratadine,Desloratadine
1671,Cyproheptadine,Cyproheptadine,Antihistamines,Film-Coated Tablet,5mg/5ml,227.14,2025-04-12,46,Amriya Pharma,1,0,Cyproheptadine,Cyproheptadine
1672,Mesalazine,Mesalazine,Gastrointestinal,Tablet,500mg,60.27,2026-06-04,267,Pfizer Egypt,1,0,Mesalazine,Mesalazine
1673,Paracetamol,Paracetamol,General,Injection,40mg,39.08,2027-07-17,136,Al Debeiky,1,1,Paracetamol,Panadol
1674,Paracetamol,Paracetamol,General,Film-Coated Tablet,1g,155.87,2025-09-23,206,Amriya Pharma,1,1,Paracetamol,Panadol
1675,Repaglinide,Repaglinide,Antidiabetics,Injection,100IU/ml,370.74,2026-03-29,306,Amriya Pharma,1,0,Repaglinide,Repaglinide
1676,Spironolactone,Spironolactone,General,Tablet,50mg,193.73,2025-04-13,175,Pharco,1,0,Spironolactone,Aldactone
1677,Clobetasol Cream,Clobetasol,Dermatology,Cream,1%,128.96,2027-06-15,116,Sanofi Egypt,1,0,Clobetasol,Clobetasol Cream
1678,Hydroxyzine,Hydroxyzine,Antihistamines,Tablet,180mg,58.87,2026-03-19,389,October Pharma,1,0,Hydroxyzine,Hydroxyzine
1679,Dextromethorphan,Dextromethorphan,Cough & Cold,Lozenges,30mg,23.09,2025-02-03,41,EIPICO,1,0,Dextromethorphan,Dextromethorphan
1680,Levocetirizine,Levocetirizine,Antihistamines,Capsule,120mg,109.41,2025-09-21,481,Global Napi,1,0,Levocetirizine,Xyzal
1681,Loratadine,Loratadine,Antihistamines,Tablet,10mg,143.63,2025-03-24,167,Memphis Pharma,1,1,Loratadine,Loratadine
1682,Etoricoxib,Etoricoxib,Painkillers,Suppository,400mg,145.36,2025-08-05,262,Bayer Egypt,1,0,Etoricoxib,Etoricoxib
1683,Gentamicin Ear Drops,Gentamicin,Drops,Drops,0.01%,225.04,2026-12-09,258,GSK Egypt,1,0,Gentamicin,Garamycin
1684,Allopurinol,Allopurinol,General,Capsule,10mg,239.69,2025-10-28,274,Eva Pharma,1,0,Allopurinol,Zyloric
1685,Celecoxib,Celecoxib,Painkillers,Extended-Release Tablet,100mg,189.05,2026-10-20,223,Al Debeiky,1,0,Celecoxib,Celebrex
1686,Hyoscine,Hyoscine Butylbromide,Gastrointestinal,Suppository,40mg,97.16,2025-06-12,475,Sanofi Egypt,1,0,Hyoscine Butylbromide,Hyoscine
1687,Metronidazole Gel,Metronidazole,Women Health,Patch,5mg,383.1,2027-01-16,50,Bayer Egypt,1,0,Metronidazole,Metronidazole Gel
1688,Nystatin Oral Drops,Nystatin,Kids Medications,Drops,250mg/5ml,43.72,2025-05-30,227,Global Napi,1,0,Nystatin,Nystatin Oral Drops
1689,Hydrocortisone,Hydrocortisone,General,Injection,100mg,29.83,2026-12-29,398,Sigma Pharma,1,0,Hydrocortisone,Hydrocortisone
1690,Mesalazine,Mesalazine,Gastrointestinal,Suspension,500mg,16.04,2026-06-01,374,Mina Pharm,1,0,Mesalazine,Mesalazine
1691,Dexamethasone Eye Drops,Dexamethasone,Drops,Eye Drops,3ml,199.81,2025-08-26,74,Sigma Pharma,1,0,Dexamethasone,Dexamethasone Eye Drops
1692,Vitamin D3,Cholecalciferol,Vitamins & Supplements,Tablet,50000IU,228.68,2027-08-12,169,Pfizer Egypt,1,1,Cholecalciferol,Vitamin D3
1693,Repaglinide,Repaglinide,Antidiabetics,Pen Injector,1000mg,474.75,2026-08-24,283,Novartis Egypt,1,0,Repaglinide,Repaglinide
1694,Magnesium Sulfate,Magnesium Sulfate,Women Health,Capsule,150mcg/30mcg,88.15,2027-01-11,286,Al Debeiky,1,0,Magnesium Sulfate,Magnesium Sulfate
1695,Letrozole,Letrozole,Women Health,Tablet,2mg,358.29,2026-02-13,324,Pfizer Egypt,1,0,Letrozole,Letrozole
1696,Aspirin,Aspirin,General,Tablet,40mg,189.77,2025-04-20,267,GSK Egypt,1,0,Aspirin,Aspirin
1697,Losartan,Losartan,Cardiovascular,Extended-Release Tablet,2.5mg,207.06,2025-08-12,32,Eva Pharma,1,0,Losartan,Cozaar
1698,Acyclovir,Acyclovir,Antibiotics,Capsule,125mg/5ml,47.19,2025-06-15,500,Mina Pharm,1,0,Acyclovir,Acyclovir
1699,Vitamin B Complex,B-Complex,Vitamins & Supplements,Tablet,1000mcg,206.51,2026-03-28,121,Amriya Pharma,1,0,B-Complex,Vitamin B Complex
1700,Folic Acid,Folic Acid,Vitamins & Supplements,Sachet,1000IU,239.28,2026-10-29,475,Sanofi Egypt,1,0,Folic Acid,Folicap
1701,Bimatoprost Eye Drops,Bimatoprost,Drops,Eye Drops,0.01%,87.94,2025-02-03,11,Tabuk Egypt,1,0,Bimatoprost,Bimatoprost Eye Drops
1702,Amlodipine,Amlodipine,Cardiovascular,Extended-Release Tablet,25mg,431.97,2027-09-27,486,Global Napi,1,1,Amlodipine,Norvasc
1703,Saline Nasal Spray,Sodium Chloride,Cough & Cold,Nasal Spray,600mg,66.52,2027-09-21,390,CID Pharma,1,0,Sodium Chloride,Saline Nasal Spray
1704,Amoxicillin Suspension,Amoxicillin,Kids Medications,Syrup,120mg/5ml,41.64,2027-05-22,480,Global Napi,1,1,Amoxicillin,Amoxicillin Suspension
1705,Zinc Syrup,Zinc Sulfate,Kids Medications,Syrup,5mg/5ml,146.7,2025-03-23,385,Memphis Pharma,1,0,Zinc Sulfate,Zinc Syrup
1706,Psyllium,Ispaghula Husk,Gastrointestinal,Tablet,5mg,15.39,2025-02-23,427,EIPICO,1,0,Ispaghula Husk,Psyllium
1707,Budesonide Nasal,Budesonide,Cough & Cold,Nasal Spray,15mg/5ml,108.97,2025-10-20,316,Sanofi Egypt,1,0,Budesonide,Budesonide Nasal
1708,Fluconazole Vaginal,Fluconazole,Women Health,Patch,150mcg/30mcg,130.29,2026-06-13,251,Mina Pharm,1,0,Fluconazole,Fluconazole Vaginal
1709,Salbutamol Inhaler,Salbutamol,Cough & Cold,Inhaler,60mg,135.1,2026-10-11,489,Eva Pharma,1,1,Salbutamol,Salbutamol Inhaler
1710,Valsartan,Valsartan,Cardiovascular,Extended-Release Tablet,25mg,132.14,2026-09-30,485,October Pharma,1,0,Valsartan,Valsartan
1711,Xylometazoline Drops,Xylometazoline,Drops,Drops,0.01%,229.43,2026-01-13,384,Tabuk Egypt,1,0,Xylometazoline,Xylometazoline Drops
1712,Sucralfate,Sucralfate,Gastrointestinal,Suspension,10mg,108.7,2026-07-13,467,Sigma Pharma,1,0,Sucralfate,Sucralfate
1713,Hydrocortisone Cream,Hydrocortisone,Dermatology,Cream,2.50%,152.6,2026-01-22,82,EIPICO,1,0,Hydrocortisone,Hydrocortisone Cream
1714,Clopidogrel,Clopidogrel,Cardiovascular,Capsule,0.25mg,483.05,2026-02-14,132,AstraZeneca Egypt,1,1,Clopidogrel,Clopidogrel
1715,Vildagliptin,Vildagliptin,Antidiabetics,Extended-Release Tablet,25mg,507.02,2027-01-28,270,October Pharma,1,0,Vildagliptin,Vildagliptin
1716,Promethazine,Promethazine,Antihistamines,Syrup,25mg,37.1,2026-07-18,265,AstraZeneca Egypt,1,0,Promethazine,Promethazine
1717,Dextromethorphan,Dextromethorphan,Cough & Cold,Syrup,30mg,140.71,2025-04-14,433,EIPICO,1,0,Dextromethorphan,Dextromethorphan
1718,Cyclopentolate,Cyclopentolate,Drops,Ear Drops,0.50%,98.87,2027-02-14,61,Eva Pharma,1,0,Cyclopentolate,Cyclopentolate
1719,Azelastine Nasal,Azelastine,Antihistamines,Nasal Spray,5mg/5ml,212.1,2027-05-13,197,CID Pharma,1,0,Azelastine,Azelastine Nasal
1720,Aspirin,Aspirin,General,Tablet,10mg,206.26,2026-10-17,412,Amriya Pharma,1,0,Aspirin,Aspirin
1721,Ebastine,Ebastine,Antihistamines,Film-Coated Tablet,180mg,62.69,2027-06-21,292,Tabuk Egypt,1,0,Ebastine,Kestine
1722,Gliclazide,Gliclazide,Antidiabetics,Pen Injector,10mcg,497.78,2026-11-29,260,EIPICO,1,0,Gliclazide,Gliclazide
1723,Paracetamol 500mg,Paracetamol,Painkillers,Capsule,75mg,198.01,2026-03-24,478,Sigma Pharma,1,1,Paracetamol,Panadol
1724,Levocetirizine,Levocetirizine,Antihistamines,Syrup,10mg,141.66,2026-07-14,30,Pharco,1,0,Levocetirizine,Xyzal
1725,Ambroxol,Ambroxol,Cough & Cold,Nasal Spray,0.10%,105.94,2025-07-02,70,Eva Pharma,1,1,Ambroxol,Ambroxol
1726,Clobetasol Cream,Clobetasol,Dermatology,Cream,5%,254.95,2027-04-20,365,Mina Pharm,1,0,Clobetasol,Clobetasol Cream
1727,Tibolone,Tibolone,Women Health,Tablet,1.5mg,325.83,2027-08-09,129,Memphis Pharma,1,0,Tibolone,Tibolone
1728,Insulin Regular,Human Insulin,Antidiabetics,Injection,100IU/ml,128.26,2025-06-28,435,Sanofi Egypt,1,0,Human Insulin,Actrapid
1729,Raloxifene,Raloxifene,Women Health,Vaginal Tablet,1.5mg,172.19,2027-03-03,207,CID Pharma,1,0,Raloxifene,Raloxifene
1730,Liraglutide,Liraglutide,Antidiabetics,Film-Coated Tablet,850mg,119.3,2027-05-19,425,Eva Pharma,1,0,Liraglutide,Victoza
1731,Canagliflozin,Canagliflozin,Antidiabetics,Extended-Release Tablet,500mg,223.36,2025-07-06,11,Novartis Egypt,1,0,Canagliflozin,Canagliflozin
1732,Bilastine,Bilastine,Antihistamines,Tablet,5mg/5ml,53.22,2025-09-12,202,Eva Pharma,1,0,Bilastine,Bilastine
1733,Aspirin,Aspirin,General,Capsule,5mg,89.99,2026-06-26,74,Amriya Pharma,1,0,Aspirin,Aspirin
1734,Amlodipine,Amlodipine,Cardiovascular,Injection,10mg,311.98,2026-07-17,440,Al Debeiky,1,1,Amlodipine,Norvasc
1735,Bisoprolol,Bisoprolol,Cardiovascular,Injection,25mg,203.33,2026-07-27,325,Amriya Pharma,1,0,Bisoprolol,Bisoprolol
1736,Ebastine,Ebastine,Antihistamines,Capsule,25mg,71.18,2025-11-19,106,CID Pharma,1,0,Ebastine,Kestine
1737,Oxymetazoline,Oxymetazoline,Cough & Cold,Nasal Spray,30mg,42.33,2025-10-04,68,AstraZeneca Egypt,1,0,Oxymetazoline,Oxymetazoline
1738,Bisacodyl,Bisacodyl,Gastrointestinal,Tablet,1g,56.62,2027-08-24,235,Medical Union,1,0,Bisacodyl,Bisacodyl
1739,Naproxen,Naproxen,Painkillers,Patch,10mg,47.55,2026-10-07,354,Novartis Egypt,1,0,Naproxen,Apranax
1740,Saline Nasal Spray,Sodium Chloride,Cough & Cold,Nasal Spray,6mg,68.33,2026-12-31,469,AstraZeneca Egypt,1,0,Sodium Chloride,Saline Nasal Spray
1741,Vitamin E,Tocopherol,Vitamins & Supplements,Effervescent Tablet,400IU,29.21,2025-11-01,247,Amriya Pharma,1,0,Tocopherol,Vitamin E
1742,Fexofenadine,Fexofenadine,Antihistamines,Film-Coated Tablet,120mg,173.66,2025-02-15,288,Sigma Pharma,1,0,Fexofenadine,Fexofenadine
1743,Oxymetazoline,Oxymetazoline,Cough & Cold,Nasal Spray,6mg,73.44,2027-04-28,435,GSK Egypt,1,0,Oxymetazoline,Oxymetazoline
1744,Bromhexine,Bromhexine,Cough & Cold,Syrup,100mg,32.85,2025-03-05,381,Medical Union,1,0,Bromhexine,Bromhexine
1745,Semaglutide,Semaglutide,Antidiabetics,Injection,25mg,392.14,2026-09-24,341,EIPICO,1,1,Semaglutide,Ozempic
1746,Piroxicam,Piroxicam,Painkillers,Extended-Release Tablet,75mg,192.34,2025-11-28,227,Novartis Egypt,1,0,Piroxicam,Piroxicam
1747,Tacrolimus Ointment,Tacrolimus,Dermatology,Ointment,2%,214.95,2026-08-04,469,Mina Pharm,1,0,Tacrolimus,Tacrolimus Ointment
1748,Probiotics,Lactobacillus,Vitamins & Supplements,Tablet,25mcg,65.46,2026-03-15,38,Tabuk Egypt,1,0,Lactobacillus,Probiotics
1749,Lansoprazole,Lansoprazole,Gastrointestinal,Capsule,1g,62.95,2026-01-25,43,Tabuk Egypt,1,0,Lansoprazole,Lansoprazole
1750,Famotidine,Famotidine,Gastrointestinal,Tablet,20mg,140.4,2027-08-17,12,Mina Pharm,1,0,Famotidine,Famotidine
1751,Vitamin D Drops,Cholecalciferol,Kids Medications,Drops,5mg/5ml,197.37,2027-10-12,140,Global Napi,1,0,Cholecalciferol,Vitamin D Drops
1752,Minoxidil Solution,Minoxidil,Dermatology,Ointment,0.05%,158.23,2026-06-12,463,Tabuk Egypt,1,0,Minoxidil,Minoxidil Solution
1753,Biotin,Biotin,Vitamins & Supplements,Tablet,1000IU,36.51,2026-10-04,32,October Pharma,1,0,Biotin,Biotin
1754,Doxycycline,Doxycycline,Antibiotics,Powder for Injection,200mg,207.52,2026-09-24,24,Novartis Egypt,1,0,Doxycycline,Doxycycline
1755,Vitamin B Complex,B-Complex,Vitamins & Supplements,Capsule,25mcg,83.99,2027-05-16,281,CID Pharma,1,0,B-Complex,Vitamin B Complex
1756,Nasal Saline Drops,Sodium Chloride 0.9%,Drops,Nasal Spray,0.20%,286.27,2026-05-03,282,Mina Pharm,1,0,Sodium Chloride 0.9%,Nasal Saline Drops
1757,Hydrocortisone Cream,Hydrocortisone,Dermatology,Cream,0.05%,44.14,2026-02-10,224,Tabuk Egypt,1,0,Hydrocortisone,Hydrocortisone Cream
1758,Gliclazide,Gliclazide,Antidiabetics,Injection,10mg,560.74,2025-05-02,304,Pfizer Egypt,1,0,Gliclazide,Gliclazide
1759,Vitamin B12,Cyanocobalamin,Vitamins & Supplements,Sachet,50000IU,90.51,2026-09-30,60,Mina Pharm,1,0,Cyanocobalamin,Vitamin B12
1760,Ceftriaxone,Ceftriaxone,Antibiotics,Powder for Injection,1g,99.32,2027-02-02,255,Hikma Egypt,1,0,Ceftriaxone,Ceftriaxone
1761,Clobetasol Cream,Clobetasol,Dermatology,Cream,0.10%,89.5,2025-03-08,209,EIPICO,1,0,Clobetasol,Clobetasol Cream
1762,Budesonide Nasal,Budesonide,Cough & Cold,Nasal Spray,6mg,79.5,2026-10-10,13,Sigma Pharma,1,0,Budesonide,Budesonide Nasal
1763,Furosemide,Furosemide,General,Film-Coated Tablet,10mg,241.49,2025-10-20,451,CID Pharma,1,0,Furosemide,Furosemide
1764,Zinc,Zinc Sulfate,Vitamins & Supplements,Effervescent Tablet,200mg,119.55,2026-05-07,94,October Pharma,1,0,Zinc Sulfate,Zinc
1765,Enalapril,Enalapril,Cardiovascular,Sublingual Tablet,100mg,397.5,2027-04-05,229,Al Debeiky,1,0,Enalapril,Enalapril
1766,Acyclovir Suspension,Acyclovir,Kids Medications,Syrup,5mg/5ml,76.37,2025-04-29,199,Medical Union,1,0,Acyclovir,Acyclovir Suspension
1767,Minoxidil Solution,Minoxidil,Dermatology,Lotion,0.50%,310.12,2026-09-12,292,EIPICO,1,0,Minoxidil,Minoxidil Solution
1768,Budesonide Nasal,Budesonide,Cough & Cold,Nasal Spray,30mg,77.02,2026-12-21,81,Pharco,1,0,Budesonide,Budesonide Nasal
1769,Vicks VapoRub,Camphor/Menthol,Cough & Cold,Lozenges,600mg,85.14,2026-06-06,411,October Pharma,1,0,Camphor/Menthol,Vicks VapoRub
1770,ORS Sachets,Oral Rehydration Salts,Kids Medications,Drops,100mg/5ml,195.15,2025-03-24,398,Sigma Pharma,1,0,Oral Rehydration Salts,ORS Sachets
1771,Ibuprofen,Ibuprofen,General,Injection,100mg,122.97,2025-07-02,256,Memphis Pharma,1,1,Ibuprofen,Brufen
1772,Alendronate,Alendronate,Women Health,Vaginal Tablet,5mg,86.41,2027-05-10,499,Tabuk Egypt,1,0,Alendronate,Alendronate
1773,Calcium,Calcium Carbonate,Vitamins & Supplements,Capsule,400IU,104.12,2027-03-05,439,Bayer Egypt,1,0,Calcium Carbonate,Calcium
1774,Amoxicillin Suspension,Amoxicillin,Kids Medications,Syrup,250mg/5ml,68.23,2025-05-13,71,Hikma Egypt,1,1,Amoxicillin,Amoxicillin Suspension
1775,Carbimazole,Carbimazole,General,Film-Coated Tablet,5mg,220.88,2027-03-28,254,Mina Pharm,1,0,Carbimazole,Carbimazole
1776,Throat Lozenges,Benzocaine,Cough & Cold,Lozenges,100mg,149.45,2025-08-13,113,AstraZeneca Egypt,1,0,Benzocaine,Throat Lozenges
1777,Amiodarone,Amiodarone,Cardiovascular,Tablet,50mg,130.67,2027-09-05,179,Pfizer Egypt,1,0,Amiodarone,Amiodarone
1778,Dexamethasone,Dexamethasone,General,Tablet,50mg,131.13,2027-09-22,62,Bayer Egypt,1,0,Dexamethasone,Dexamethasone
1779,Allopurinol,Allopurinol,General,Tablet,200mg,205.22,2026-04-22,174,Memphis Pharma,1,0,Allopurinol,Zyloric
1780,Warfarin,Warfarin Sodium,General,Capsule,250mg,49.44,2026-11-20,157,Medical Union,1,0,Warfarin Sodium,Warfarin
1781,Liraglutide,Liraglutide,Antidiabetics,Tablet,10mcg,382.76,2025-09-30,96,GSK Egypt,1,0,Liraglutide,Victoza
1782,Vitamin D3,Cholecalciferol,Vitamins & Supplements,Capsule,500mg,115.42,2025-10-29,151,Sigma Pharma,1,1,Cholecalciferol,Vitamin D3
1783,Pioglitazone,Pioglitazone,Antidiabetics,Extended-Release Tablet,500mg,298.65,2025-02-22,368,CID Pharma,1,0,Pioglitazone,Actos
1784,Tizanidine,Tizanidine,Painkillers,Tablet,50mg,215.17,2027-04-17,429,Sigma Pharma,1,0,Tizanidine,Tizanidine
1785,Ramipril,Ramipril,Cardiovascular,Extended-Release Tablet,25mg,380.11,2026-12-07,91,Pharco,1,0,Ramipril,Tritace
1786,Azelastine Nasal,Azelastine,Antihistamines,Nasal Spray,5mg,195.72,2027-03-27,8,Mina Pharm,1,0,Azelastine,Azelastine Nasal
1787,Chloramphenicol Eye Drops,Chloramphenicol,Drops,Eye Drops,5ml,61.03,2026-05-27,241,AstraZeneca Egypt,1,0,Chloramphenicol,Chloramphenicol Eye Drops
1788,Bimatoprost Eye Drops,Bimatoprost,Drops,Eye Drops,3ml,92.88,2027-06-27,215,Tabuk Egypt,1,0,Bimatoprost,Bimatoprost Eye Drops
1789,Promethazine,Promethazine,Antihistamines,Film-Coated Tablet,25mg,95.71,2025-09-01,188,Bayer Egypt,1,0,Promethazine,Promethazine
1790,Clotrimazole Pessary,Clotrimazole,Women Health,Injection,500mcg,78.4,2025-07-02,323,Medical Union,1,0,Clotrimazole,Clotrimazole Pessary
1791,Benzoyl Peroxide,Benzoyl Peroxide,Dermatology,Ointment,0.10%,195.65,2025-08-16,92,Hikma Egypt,1,0,Benzoyl Peroxide,Benzoyl Peroxide
1792,Chloramphenicol Eye Drops,Chloramphenicol,Drops,Eye Drops,10ml,137.8,2027-05-20,379,Global Napi,1,0,Chloramphenicol,Chloramphenicol Eye Drops
1793,Ceftriaxone,Ceftriaxone,Antibiotics,Tablet,200mg,86.36,2025-05-09,444,Bayer Egypt,1,0,Ceftriaxone,Ceftriaxone
1794,Olopatadine,Olopatadine,Antihistamines,Nasal Spray,180mg,181.67,2025-12-23,107,Sanofi Egypt,1,0,Olopatadine,Olopatadine
1795,Semaglutide,Semaglutide,Antidiabetics,Injection,850mg,207.53,2025-03-01,105,Amriya Pharma,1,1,Semaglutide,Ozempic
1796,Dextromethorphan,Dextromethorphan,Cough & Cold,Nasal Spray,6mg,98.09,2027-03-07,232,AstraZeneca Egypt,1,0,Dextromethorphan,Dextromethorphan
1797,Lactulose,Lactulose,Gastrointestinal,Suspension,10mg,160.85,2025-07-06,312,Al Debeiky,1,0,Lactulose,Duphalac
1798,Azithromycin,Azithromycin,Antibiotics,Tablet,400mg,99.9,2027-05-19,404,Bayer Egypt,1,1,Azithromycin,Azithromycin
1799,Acyclovir Suspension,Acyclovir,Kids Medications,Syrup,250mg/5ml,122.66,2027-02-24,128,Sigma Pharma,1,0,Acyclovir,Acyclovir Suspension
1800,Vitamin C,Ascorbic Acid,Vitamins & Supplements,Sachet,100mg,76.08,2026-01-19,283,Novartis Egypt,1,1,Ascorbic Acid,Vitamin C
1801,Hydrocortisone Cream,Hydrocortisone,Dermatology,Cream,2%,25.27,2025-03-30,241,October Pharma,1,0,Hydrocortisone,Hydrocortisone Cream
1802,Multivitamin,Multivitamin,Vitamins & Supplements,Capsule,25mcg,229.07,2025-03-13,372,Sanofi Egypt,1,0,Multivitamin,Multivitamin
1803,Sitagliptin,Sitagliptin,Antidiabetics,Pen Injector,850mg,144.06,2026-06-06,32,Global Napi,1,0,Sitagliptin,Januvia
1804,Acarbose,Acarbose,Antidiabetics,Extended-Release Tablet,5mg,69.54,2025-06-10,262,Medical Union,1,0,Acarbose,Glucobay
1805,Insulin Lispro,Insulin Lispro,Antidiabetics,Injection,850mg,40.56,2027-09-11,246,Medical Union,1,0,Insulin Lispro,Humalog
1806,Augmentin,Amoxicillin/Clavulanate,Antibiotics,Powder for Injection,875/125mg,108.16,2025-12-28,440,Sigma Pharma,1,1,Amoxicillin/Clavulanate,Augmentin
1807,Saline Nasal Spray,Sodium Chloride,Cough & Cold,Nasal Spray,100mg,54.9,2025-07-28,303,Bayer Egypt,1,0,Sodium Chloride,Saline Nasal Spray
1808,Ebastine,Ebastine,Antihistamines,Film-Coated Tablet,5mg/5ml,247.89,2027-08-25,304,Mina Pharm,1,0,Ebastine,Kestine
1809,Fexofenadine,Fexofenadine,Antihistamines,Syrup,1mg,82.48,2026-01-17,20,Novartis Egypt,1,0,Fexofenadine,Fexofenadine
1810,Iron Supplement,Ferrous Sulfate,Vitamins & Supplements,Sachet,200mg,264.59,2025-04-12,365,GSK Egypt,1,0,Ferrous Sulfate,Iron Supplement
1811,Montelukast Granules,Montelukast,Kids Medications,Suspension,120mg/5ml,158.92,2027-09-07,29,GSK Egypt,1,0,Montelukast,Montelukast Granules
1812,Iron Drops,Ferrous Sulfate,Kids Medications,Drops,10mg/ml,76.36,2025-02-06,245,Global Napi,1,0,Ferrous Sulfate,Iron Drops
1813,Ciprofloxacin Eye Drops,Ciprofloxacin,Drops,Eye Drops,3ml,171.15,2025-10-30,320,Bayer Egypt,1,1,Ciprofloxacin,Ciprofloxacin Eye Drops
1814,Codeine,Codeine Phosphate,Painkillers,Suppository,100mg,49.63,2027-01-13,482,Medical Union,1,0,Codeine Phosphate,Codeine
1815,Vitamin B Complex,B-Complex,Vitamins & Supplements,Sachet,25mcg,187.49,2026-01-09,44,October Pharma,1,0,B-Complex,Vitamin B Complex
1816,Clindamycin Gel,Clindamycin,Dermatology,Gel,2%,152.65,2026-07-15,62,AstraZeneca Egypt,1,0,Clindamycin,Clindamycin Gel
1817,Clindamycin,Clindamycin,Antibiotics,Injection,400mg,101.05,2026-07-04,107,Tabuk Egypt,1,0,Clindamycin,Clindamycin
1818,Noscapine,Noscapine,Cough & Cold,Inhaler,0.10%,119.56,2026-10-20,48,EIPICO,1,0,Noscapine,Noscapine
1819,Salbutamol Nebules,Salbutamol,Kids Medications,Suspension,10mg/ml,159.44,2027-05-25,33,Sanofi Egypt,1,0,Salbutamol,Salbutamol Nebules
1820,Bromhexine,Bromhexine,Cough & Cold,Syrup,30mg,22.05,2027-01-16,342,October Pharma,1,0,Bromhexine,Bromhexine
1821,Augmentin Suspension,Amoxicillin/Clavulanate,Kids Medications,Syrup,10mg/ml,105.12,2026-08-17,413,AstraZeneca Egypt,1,0,Amoxicillin/Clavulanate,Augmentin Suspension
1822,Gentamicin Ear Drops,Gentamicin,Drops,Drops,1%,293.66,2026-06-01,489,Global Napi,1,0,Gentamicin,Garamycin
1823,Throat Lozenges,Benzocaine,Cough & Cold,Tablet,600mg,15.82,2025-08-28,319,EIPICO,1,0,Benzocaine,Throat Lozenges
1824,Xylometazoline,Xylometazoline,Cough & Cold,Syrup,100mg,75.76,2027-08-25,49,Medical Union,1,0,Xylometazoline,Xylometazoline
1825,Liraglutide,Liraglutide,Antidiabetics,Tablet,10mg,484.89,2027-02-13,455,GSK Egypt,1,0,Liraglutide,Victoza
1826,Noscapine,Noscapine,Cough & Cold,Lozenges,30mg,154.27,2026-08-05,97,Bayer Egypt,1,0,Noscapine,Noscapine
1827,Noscapine,Noscapine,Cough & Cold,Lozenges,6mg,35.62,2026-06-20,355,Medical Union,1,0,Noscapine,Noscapine
1828,Ivabradine,Ivabradine,Cardiovascular,Capsule,25mg,250.09,2027-02-13,28,October Pharma,1,0,Ivabradine,Ivabradine
1829,Famotidine,Famotidine,Gastrointestinal,Capsule,5mg,109.21,2026-01-24,457,Memphis Pharma,1,0,Famotidine,Famotidine
1830,Simethicone Drops,Simethicone,Kids Medications,Drops,120mg/5ml,157.5,2027-07-07,126,Global Napi,1,0,Simethicone,Simethicone Drops
1831,Ezetimibe,Ezetimibe,Cardiovascular,Capsule,50mg,157.92,2027-05-05,447,CID Pharma,1,0,Ezetimibe,Ezetimibe
1832,Atenolol,Atenolol,Cardiovascular,Injection,40mg,226.31,2026-05-14,302,Pharco,1,0,Atenolol,Atenolol
1833,Lisinopril,Lisinopril,Cardiovascular,Injection,0.25mg,65.44,2026-09-21,57,Sanofi Egypt,1,0,Lisinopril,Lisinopril
1834,Urea Cream,Urea,Dermatology,Cream,0.50%,67.41,2025-07-29,145,Medical Union,1,0,Urea,Urea Cream
1835,NPH Insulin,Isophane Insulin,Antidiabetics,Injection,100IU/ml,523.88,2025-05-26,396,AstraZeneca Egypt,1,0,Isophane Insulin,Insulatard
1836,Artificial Tears,Hypromellose,Drops,Eye Drops,0.10%,45.78,2026-08-15,144,Pfizer Egypt,1,0,Hypromellose,Artificial Tears
1837,Trimethoprim/Sulfamethoxazole,Co-trimoxazole,Antibiotics,Suspension,500mg,271.48,2026-03-29,324,Mina Pharm,1,0,Co-trimoxazole,Trimethoprim/Sulfamethoxazole
1838,Pregabalin,Pregabalin,Painkillers,Patch,10mg,262.51,2027-04-30,317,EIPICO,1,0,Pregabalin,Pregabalin
1839,Esomeprazole,Esomeprazole,Gastrointestinal,Sachet,10mg,32.39,2025-05-15,179,EIPICO,1,0,Esomeprazole,Esomeprazole
1840,Ursodeoxycholic Acid,UDCA,Gastrointestinal,Sachet,5mg,64.98,2026-12-11,164,Eva Pharma,1,0,UDCA,Ursodeoxycholic Acid
1841,Insulin Detemir,Insulin Detemir,Antidiabetics,Injection,10mg,442.5,2025-09-28,140,Tabuk Egypt,1,0,Insulin Detemir,Levemir
1842,Calamine Lotion,Calamine,Dermatology,Shampoo,0.05%,46.13,2026-07-09,160,Novartis Egypt,1,0,Calamine,Calamine Lotion
1843,Loratadine,Loratadine,Antihistamines,Tablet,5mg/5ml,220.03,2025-10-11,0,Sanofi Egypt,0,1,Loratadine,Loratadine
1844,Ciprofloxacin Ear Drops,Ciprofloxacin,Drops,Drops,2%,231.38,2026-12-27,12,October Pharma,1,1,Ciprofloxacin,Ciprofloxacin Ear Drops
1845,Vitamin B Complex,B-Complex,Vitamins & Supplements,Effervescent Tablet,25mcg,244.55,2027-03-03,176,Memphis Pharma,1,0,B-Complex,Vitamin B Complex
1846,Levocetirizine,Levocetirizine,Antihistamines,Film-Coated Tablet,10mg,204.67,2027-10-04,118,AstraZeneca Egypt,1,0,Levocetirizine,Xyzal
1847,Prednisolone Eye Drops,Prednisolone,Drops,Eye Drops,2%,170.3,2026-01-25,12,Hikma Egypt,1,0,Prednisolone,Prednisolone Eye Drops
1848,Vitamin D3,Cholecalciferol,Vitamins & Supplements,Effervescent Tablet,1000IU,49.04,2026-03-08,92,Global Napi,1,1,Cholecalciferol,Vitamin D3
1849,Dexamethasone Eye Drops,Dexamethasone,Drops,Eye Drops,0.20%,209.48,2026-12-14,378,Medical Union,1,0,Dexamethasone,Dexamethasone Eye Drops
1850,Psyllium,Ispaghula Husk,Gastrointestinal,Syrup,500mg,127.48,2027-02-20,218,Sigma Pharma,1,0,Ispaghula Husk,Psyllium
1851,Bilastine,Bilastine,Antihistamines,Film-Coated Tablet,25mg,85.64,2026-01-14,488,CID Pharma,1,0,Bilastine,Bilastine
1852,Gentamicin,Gentamicin,Antibiotics,Injection,875/125mg,91.01,2025-11-02,445,Hikma Egypt,1,0,Gentamicin,Garamycin
1853,Ketoconazole Shampoo,Ketoconazole,Dermatology,Shampoo,2.50%,248.8,2025-09-18,109,Amriya Pharma,1,0,Ketoconazole,Nizoral
1854,Nitroglycerin,Glyceryl Trinitrate,Cardiovascular,Injection,20mg,489.17,2027-07-27,478,Amriya Pharma,1,0,Glyceryl Trinitrate,Nitroglycerin
1855,Moxifloxacin Eye Drops,Moxifloxacin,Drops,Eye Drops,3ml,166.64,2027-07-14,146,Pharco,1,0,Moxifloxacin,Moxifloxacin Eye Drops
1856,Cold & Flu Combo,Paracetamol/Pseudoephedrine,Cough & Cold,Tablet,0.10%,93.19,2026-01-21,168,Medical Union,1,0,Paracetamol/Pseudoephedrine,Cold & Flu Combo
1857,Repaglinide,Repaglinide,Antidiabetics,Extended-Release Tablet,500mg,118.31,2027-06-02,23,Memphis Pharma,1,0,Repaglinide,Repaglinide
1858,Cetirizine,Cetirizine,Antihistamines,Syrup,1mg,175.11,2026-12-20,451,Pfizer Egypt,1,1,Cetirizine,Cetirizine
1859,Diphenhydramine,Diphenhydramine,Antihistamines,Tablet,5mg/5ml,118.59,2025-06-28,438,EIPICO,1,0,Diphenhydramine,Benadryl
1860,Metronidazole Gel,Metronidazole,Women Health,Pessary,1.5mg,114.41,2025-09-02,338,Medical Union,1,0,Metronidazole,Metronidazole Gel
1861,Coenzyme Q10,Ubiquinone,Vitamins & Supplements,Effervescent Tablet,10mg,276.91,2026-04-22,334,Eva Pharma,1,0,Ubiquinone,Coenzyme Q10
1862,Ondansetron Syrup,Ondansetron,Kids Medications,Syrup,10mg/ml,58.81,2027-08-24,236,Al Debeiky,1,1,Ondansetron,Ondansetron Syrup
1863,Paracetamol,Paracetamol,General,Capsule,50mg,169.43,2027-03-02,456,Amriya Pharma,1,1,Paracetamol,Panadol
1864,Zinc,Zinc Sulfate,Vitamins & Supplements,Sachet,400IU,112.65,2025-05-25,105,CID Pharma,1,0,Zinc Sulfate,Zinc
1865,Fluconazole Vaginal,Fluconazole,Women Health,Vaginal Tablet,500mcg,386.61,2027-02-05,453,CID Pharma,1,0,Fluconazole,Fluconazole Vaginal
1866,Indomethacin,Indomethacin,Painkillers,Injection,100mg,256.74,2026-06-29,138,Tabuk Egypt,1,0,Indomethacin,Indomethacin
1867,Aspirin,Aspirin,General,Film-Coated Tablet,1g,204.26,2025-05-30,29,Hikma Egypt,1,0,Aspirin,Aspirin
1868,Esomeprazole,Esomeprazole,Gastrointestinal,Syrup,500mg,53.37,2027-05-05,414,Pfizer Egypt,1,0,Esomeprazole,Esomeprazole
1869,Nystatin Oral Drops,Nystatin,Kids Medications,Drops,200mg/5ml,48.42,2027-02-06,257,Medical Union,1,0,Nystatin,Nystatin Oral Drops
1870,Warfarin,Warfarin Sodium,General,Tablet,500mg,43.52,2025-12-25,296,Memphis Pharma,1,0,Warfarin Sodium,Warfarin
1871,Chloramphenicol Eye Drops,Chloramphenicol,Drops,Eye Drops,5ml,189.11,2025-02-25,404,Eva Pharma,1,0,Chloramphenicol,Chloramphenicol Eye Drops
1872,Acyclovir Suspension,Acyclovir,Kids Medications,Syrup,200mg/5ml,104.25,2026-04-15,136,CID Pharma,1,0,Acyclovir,Acyclovir Suspension
1873,Montelukast Granules,Montelukast,Kids Medications,Syrup,5mg/5ml,32.38,2027-03-10,204,CID Pharma,1,0,Montelukast,Montelukast Granules
1874,Nitroglycerin,Glyceryl Trinitrate,Cardiovascular,Capsule,50mg,467.8,2025-02-03,295,Memphis Pharma,1,0,Glyceryl Trinitrate,Nitroglycerin
1875,Desloratadine,Desloratadine,Antihistamines,Nasal Spray,10mg,87.75,2025-10-08,41,Sanofi Egypt,1,0,Desloratadine,Desloratadine
1876,Iron Supplement,Ferrous Sulfate,Vitamins & Supplements,Capsule,100mg,117.4,2026-08-03,422,Pfizer Egypt,1,0,Ferrous Sulfate,Iron Supplement
1877,Ibuprofen Syrup,Ibuprofen,Kids Medications,Syrup,200mg/5ml,181.21,2026-06-30,374,EIPICO,1,1,Ibuprofen,Brufen
1878,Vitamin K,Phytonadione,Vitamins & Supplements,Tablet,200mg,46.92,2027-05-04,421,Hikma Egypt,1,0,Phytonadione,Vitamin K
1879,Paracetamol,Paracetamol,General,Capsule,1g,138.26,2027-01-04,39,AstraZeneca Egypt,1,1,Paracetamol,Panadol
1880,Acyclovir,Acyclovir,Antibiotics,Powder for Injection,200mg,183.56,2025-08-11,226,Amriya Pharma,1,0,Acyclovir,Acyclovir
1881,Warfarin,Warfarin Sodium,General,Capsule,100mg,226.92,2027-07-08,168,GSK Egypt,1,0,Warfarin Sodium,Warfarin
1882,Pioglitazone,Pioglitazone,Antidiabetics,Film-Coated Tablet,1.34mg/ml,357.53,2026-04-25,307,Memphis Pharma,1,0,Pioglitazone,Actos
1883,Paracetamol 500mg,Paracetamol,Painkillers,Capsule,400mg,234.17,2026-09-16,164,AstraZeneca Egypt,1,1,Paracetamol,Panadol
1884,Alendronate,Alendronate,Women Health,Vaginal Tablet,350mcg,99.88,2026-08-16,444,Novartis Egypt,1,0,Alendronate,Alendronate
1885,Mometasone Nasal,Mometasone,Cough & Cold,Nasal Spray,6mg,165.73,2025-05-20,183,Mina Pharm,1,0,Mometasone,Mometasone Nasal
1886,Augmentin Suspension,Amoxicillin/Clavulanate,Kids Medications,Syrup,250mg/5ml,157.52,2026-05-10,118,Pfizer Egypt,1,0,Amoxicillin/Clavulanate,Augmentin Suspension
1887,Tramadol 100mg,Tramadol HCl,Painkillers,Injection,75mg,226.52,2026-05-21,6,Mina Pharm,1,0,Tramadol HCl,Tramadol 100mg
1888,Misoprostol,Misoprostol,Women Health,Injection,2mg,258.35,2026-11-14,453,Sigma Pharma,1,0,Misoprostol,Misoprostol
1889,Tobramycin Eye Drops,Tobramycin,Drops,Eye Drops,0.20%,42.93,2025-05-13,219,Tabuk Egypt,1,0,Tobramycin,Tobramycin Eye Drops
1890,Ibuprofen,Ibuprofen,General,Tablet,1g,64.97,2026-12-13,318,Bayer Egypt,1,1,Ibuprofen,Brufen
1891,Clindamycin,Clindamycin,Antibiotics,Tablet,250mg,53.85,2025-04-21,127,Pharco,1,0,Clindamycin,Clindamycin
1892,Pioglitazone,Pioglitazone,Antidiabetics,Extended-Release Tablet,1000mg,267.06,2027-06-03,433,Sanofi Egypt,1,0,Pioglitazone,Actos
1893,Levocetirizine,Levocetirizine,Antihistamines,Film-Coated Tablet,1mg,187.13,2027-07-22,474,GSK Egypt,1,0,Levocetirizine,Xyzal
1894,Pioglitazone,Pioglitazone,Antidiabetics,Extended-Release Tablet,10mcg,78.58,2025-08-31,383,Novartis Egypt,1,0,Pioglitazone,Actos
1895,Cyclopentolate,Cyclopentolate,Drops,Nasal Drops,0.50%,38.57,2026-08-07,242,Hikma Egypt,1,0,Cyclopentolate,Cyclopentolate
1896,Omeprazole,Omeprazole,Gastrointestinal,Sachet,5mg,79.88,2026-02-25,252,Global Napi,1,1,Omeprazole,Omeprazole
1897,Simethicone,Simethicone,Gastrointestinal,Capsule,15mlsachet,133,2025-12-26,136,EIPICO,1,0,Simethicone,Simethicone
1898,Tamoxifen,Tamoxifen,General,Injection,200mg,182.34,2027-05-08,463,Sigma Pharma,1,0,Tamoxifen,Tamoxifen
1899,Etoricoxib,Etoricoxib,Painkillers,Tablet,50mg,188.23,2026-10-15,494,Hikma Egypt,1,0,Etoricoxib,Etoricoxib
1900,Insulin Glargine,Insulin Glargine,Antidiabetics,Injection,850mg,414.74,2026-03-21,281,Amriya Pharma,1,1,Insulin Glargine,Lantus
1901,Desloratadine,Desloratadine,Antihistamines,Capsule,5mg/5ml,144.53,2027-03-16,58,EIPICO,1,0,Desloratadine,Desloratadine
1902,Gabapentin,Gabapentin,Painkillers,Capsule,10mg,211.51,2025-11-10,354,Memphis Pharma,1,0,Gabapentin,Gabapentin
1903,Vitamin E,Tocopherol,Vitamins & Supplements,Sachet,400IU,24.33,2027-02-06,416,GSK Egypt,1,0,Tocopherol,Vitamin E
1904,Pseudoephedrine,Pseudoephedrine,Cough & Cold,Lozenges,30mg,106.37,2026-11-02,449,AstraZeneca Egypt,1,0,Pseudoephedrine,Pseudoephedrine
1905,Diltiazem,Diltiazem,Cardiovascular,Sublingual Tablet,10mg,386.31,2026-08-06,428,Pharco,1,0,Diltiazem,Diltiazem
1906,Indomethacin,Indomethacin,Painkillers,Extended-Release Tablet,50mg,32.03,2025-09-24,488,Sanofi Egypt,1,0,Indomethacin,Indomethacin
1907,Acarbose,Acarbose,Antidiabetics,Extended-Release Tablet,10mg,449.31,2026-12-15,147,Tabuk Egypt,1,0,Acarbose,Glucobay
1908,Dexamethasone,Dexamethasone,General,Film-Coated Tablet,100mg,223.72,2027-07-01,79,Mina Pharm,1,0,Dexamethasone,Dexamethasone
1909,Amoxicillin,Amoxicillin,Antibiotics,Tablet,200mg,334.51,2027-09-10,64,Pharco,1,1,Amoxicillin,Amoxicillin
1910,Hyoscine,Hyoscine Butylbromide,Gastrointestinal,Suspension,10mg,121.94,2026-01-14,156,EIPICO,1,0,Hyoscine Butylbromide,Hyoscine
1911,Calcium,Calcium Carbonate,Vitamins & Supplements,Softgel,100mg,273.72,2026-10-27,279,AstraZeneca Egypt,1,0,Calcium Carbonate,Calcium
1912,Throat Lozenges,Benzocaine,Cough & Cold,Inhaler,600mg,89.99,2026-11-02,141,Hikma Egypt,1,0,Benzocaine,Throat Lozenges
1913,Salicylic Acid,Salicylic Acid,Dermatology,Lotion,0.50%,109.07,2025-07-30,69,October Pharma,1,0,Salicylic Acid,Salicylic Acid
1914,Dextromethorphan,Dextromethorphan,Cough & Cold,Syrup,60mg,166.66,2026-07-21,107,CID Pharma,1,0,Dextromethorphan,Dextromethorphan
1915,Ibuprofen 400mg,Ibuprofen,Painkillers,Extended-Release Tablet,10mg,50.54,2026-01-24,482,Al Debeiky,1,1,Ibuprofen,Brufen
1916,Gripe Water,Dill Oil/Sodium Bicarbonate,Kids Medications,Drops,120mg/5ml,163.06,2027-09-17,221,Mina Pharm,1,0,Dill Oil/Sodium Bicarbonate,Gripe Water
1917,Ebastine,Ebastine,Antihistamines,Tablet,120mg,125.21,2025-11-05,94,Sanofi Egypt,1,0,Ebastine,Kestine
1918,Tramadol 50mg,Tramadol HCl,Painkillers,Suppository,400mg,110.05,2025-12-07,468,Al Debeiky,1,0,Tramadol HCl,Tramadol 50mg
1919,Clomiphene,Clomiphene Citrate,Women Health,Patch,100mg,34.36,2027-04-14,276,Al Debeiky,1,0,Clomiphene Citrate,Clomiphene
1920,Ceftriaxone,Ceftriaxone,Antibiotics,Tablet,125mg/5ml,271.14,2027-03-06,26,Global Napi,1,0,Ceftriaxone,Ceftriaxone
1921,Clindamycin Gel,Clindamycin,Dermatology,Lotion,1%,276.53,2027-01-05,257,October Pharma,1,0,Clindamycin,Clindamycin Gel
1922,Vildagliptin,Vildagliptin,Antidiabetics,Tablet,25mg,64.67,2027-10-13,340,Novartis Egypt,1,0,Vildagliptin,Vildagliptin
1923,Zinc,Zinc Sulfate,Vitamins & Supplements,Softgel,500mg,60.7,2025-03-27,385,Memphis Pharma,1,0,Zinc Sulfate,Zinc
1924,Baclofen,Baclofen,Painkillers,Capsule,100mg,219.74,2026-08-06,149,Global Napi,1,0,Baclofen,Baclofen
1925,Azithromycin Suspension,Azithromycin,Kids Medications,Syrup,250mg/5ml,133,2026-09-07,182,Tabuk Egypt,1,1,Azithromycin,Azithromycin Suspension
1926,Melatonin,Melatonin,Vitamins & Supplements,Effervescent Tablet,10mg,243.31,2025-04-03,213,EIPICO,1,0,Melatonin,Melatonin
1927,Clobetasol Cream,Clobetasol,Dermatology,Cream,0.10%,52.7,2025-02-07,133,Pfizer Egypt,1,0,Clobetasol,Clobetasol Cream
1928,Cyproheptadine,Cyproheptadine,Antihistamines,Film-Coated Tablet,25mg,115.74,2025-08-16,59,Eva Pharma,1,0,Cyproheptadine,Cyproheptadine
1929,Simethicone,Simethicone,Gastrointestinal,Tablet,1g,173.79,2026-03-27,463,Tabuk Egypt,1,0,Simethicone,Simethicone
1930,Acetylcysteine,N-Acetylcysteine,Cough & Cold,Tablet,100mg,44.86,2026-11-15,486,Memphis Pharma,1,0,N-Acetylcysteine,Acetylcysteine
1931,Metformin,Metformin,Antidiabetics,Extended-Release Tablet,10mcg,586.69,2025-09-17,23,Mina Pharm,1,1,Metformin,Glucophage
1932,Empagliflozin,Empagliflozin,Antidiabetics,Tablet,1.34mg/ml,155.92,2026-03-26,303,October Pharma,1,0,Empagliflozin,Empagliflozin
1933,Finasteride,Finasteride,General,Film-Coated Tablet,10mg,45.18,2025-11-24,128,October Pharma,1,0,Finasteride,Proscar
1934,Trimethoprim/Sulfamethoxazole,Co-trimoxazole,Antibiotics,Powder for Injection,200mg,278.59,2027-07-18,156,Medical Union,1,0,Co-trimoxazole,Trimethoprim/Sulfamethoxazole
1935,Ivabradine,Ivabradine,Cardiovascular,Extended-Release Tablet,10mg,492.7,2026-01-06,148,EIPICO,1,0,Ivabradine,Ivabradine
1936,Dulaglutide,Dulaglutide,Antidiabetics,Tablet,1000mg,298.87,2025-06-10,10,Memphis Pharma,1,0,Dulaglutide,Trulicity
1937,Timolol Eye Drops,Timolol,Drops,Eye Drops,0.01%,293.44,2026-11-08,183,Hikma Egypt,1,0,Timolol,Timolol Eye Drops
1938,Tobramycin Eye Drops,Tobramycin,Drops,Eye Drops,0.10%,84.92,2026-05-07,111,EIPICO,1,0,Tobramycin,Tobramycin Eye Drops
1939,Ear Wax Softener,Docusate Sodium,Drops,Ear Drops,0.20%,136.83,2027-09-24,178,AstraZeneca Egypt,1,0,Docusate Sodium,Ear Wax Softener
1940,Insulin Lispro,Insulin Lispro,Antidiabetics,Injection,100IU/ml,77.72,2027-06-22,388,Bayer Egypt,1,0,Insulin Lispro,Humalog
1941,Promethazine,Promethazine,Antihistamines,Nasal Spray,180mg,172.52,2027-06-14,50,Pfizer Egypt,1,0,Promethazine,Promethazine
1942,Clindamycin Gel,Clindamycin,Dermatology,Gel,0.05%,102.79,2027-01-30,262,AstraZeneca Egypt,1,0,Clindamycin,Clindamycin Gel
1943,Tretinoin,Tretinoin,Dermatology,Ointment,2%,204.39,2025-06-28,95,Hikma Egypt,1,0,Tretinoin,Tretinoin
1944,Chloramphenicol Eye Drops,Chloramphenicol,Drops,Eye Drops,3ml,99.01,2025-05-08,288,Tabuk Egypt,1,0,Chloramphenicol,Chloramphenicol Eye Drops
1945,Clarithromycin,Clarithromycin,Antibiotics,Injection,50mg/ml,196.99,2025-12-04,214,Al Debeiky,1,0,Clarithromycin,Clarithromycin
1946,Alendronate,Alendronate,Women Health,Vaginal Tablet,150mcg/30mcg,52.23,2026-07-02,66,Global Napi,1,0,Alendronate,Alendronate
1947,Indomethacin,Indomethacin,Painkillers,Capsule,200mg,229.41,2027-06-23,208,Memphis Pharma,1,0,Indomethacin,Indomethacin
1948,Gentamicin Ear Drops,Gentamicin,Drops,Drops,0.01%,122.18,2025-06-04,194,Pfizer Egypt,1,0,Gentamicin,Garamycin
1949,Bilastine,Bilastine,Antihistamines,Capsule,5mg,220.91,2027-09-10,359,Al Debeiky,1,0,Bilastine,Bilastine
1950,Loratadine Syrup,Loratadine,Kids Medications,Syrup,10mg/ml,23.37,2026-02-15,227,GSK Egypt,1,1,Loratadine,Loratadine Syrup
1951,Dydrogesterone,Dydrogesterone,Women Health,Capsule,150mcg/30mcg,254.06,2027-09-15,349,Global Napi,1,0,Dydrogesterone,Duphaston
1952,Tacrolimus Ointment,Tacrolimus,Dermatology,Ointment,5%,177.86,2027-02-19,162,Pfizer Egypt,1,0,Tacrolimus,Tacrolimus Ointment
1953,Combined OCP,Ethinylestradiol/Levonorgestrel,Women Health,Capsule,350mcg,60.73,2025-09-04,408,Memphis Pharma,1,0,Ethinylestradiol/Levonorgestrel,Combined OCP
1954,Colchicine,Colchicine,General,Injection,1g,121.31,2027-09-24,271,Pharco,1,0,Colchicine,Colchicine
1955,Melatonin,Melatonin,Vitamins & Supplements,Capsule,200mg,215.84,2026-09-04,52,Sigma Pharma,1,0,Melatonin,Melatonin
1956,Azithromycin,Azithromycin,Antibiotics,Capsule,250mg,311.22,2025-04-10,384,CID Pharma,1,1,Azithromycin,Azithromycin
1957,Metronidazole,Metronidazole,Antibiotics,Suspension,500mg,52.62,2025-07-23,441,Pharco,1,0,Metronidazole,Metronidazole
1958,Insulin Regular,Human Insulin,Antidiabetics,Injection,1.34mg/ml,494.41,2025-09-21,133,Eva Pharma,1,0,Human Insulin,Actrapid
1959,Indomethacin,Indomethacin,Painkillers,Tablet,50mg,280.65,2027-09-28,319,Sigma Pharma,1,0,Indomethacin,Indomethacin
1960,Metformin,Metformin,Antidiabetics,Extended-Release Tablet,10mg,494.57,2026-06-25,436,Novartis Egypt,1,1,Metformin,Glucophage
1961,Cyclopentolate,Cyclopentolate,Drops,Nasal Drops,3ml,224.81,2026-02-25,161,Global Napi,1,0,Cyclopentolate,Cyclopentolate
1962,Salicylic Acid,Salicylic Acid,Dermatology,Lotion,2.50%,258.19,2026-09-13,81,CID Pharma,1,0,Salicylic Acid,Salicylic Acid
1963,Desloratadine,Desloratadine,Antihistamines,Film-Coated Tablet,5mg/5ml,55.49,2025-12-16,271,Sigma Pharma,1,0,Desloratadine,Desloratadine
1964,Levothyroxine,Levothyroxine,General,Tablet,100mg,69.67,2026-09-09,189,Hikma Egypt,1,0,Levothyroxine,Eltroxin
1965,Chlorpheniramine,Chlorpheniramine,Antihistamines,Nasal Spray,5mg/5ml,133.6,2027-06-23,459,Mina Pharm,1,0,Chlorpheniramine,Chlorpheniramine
1966,Diphenhydramine,Diphenhydramine,Antihistamines,Capsule,180mg,83.91,2026-07-09,91,Sanofi Egypt,1,0,Diphenhydramine,Benadryl
1967,Betamethasone Cream,Betamethasone,Dermatology,Cream,5%,150.15,2025-05-04,307,Medical Union,1,0,Betamethasone,Betamethasone Cream
1968,Progesterone_Only Pill,Levonorgestrel,Women Health,Pessary,350mcg,204.89,2026-08-27,219,Amriya Pharma,1,0,Levonorgestrel,Progesterone Only Pill
1969,Insulin_Detemir,Insulin Detemir,Antidiabetics,Injection,1.34mg/ml,298.92,2026-03-23,458,Pfizer Egypt,1,0,Insulin Detemir,Levemir
1970,Omeprazole,Omeprazole,Gastrointestinal,Suppository,30mg,46.65,2025-05-15,247,Memphis Pharma,1,1,Omeprazole,Omeprazole
1971,Latanoprost Eye Drops,Latanoprost,Drops,Eye Drops,2%,84.01,2025-11-15,335,Sigma Pharma,1,0,Latanoprost,Latanoprost Eye Drops
1972,Colchicine,Colchicine,General,Capsule,50mg,60.04,2025-06-30,397,Global Napi,1,0,Colchicine,Colchicine
1973,Xylometazoline Drops,Xylometazoline,Drops,Drops,2%,40.47,2027-10-06,461,Sanofi Egypt,1,0,Xylometazoline,Xylometazoline Drops
1974,Mefenamic Acid,Mefenamic Acid,Painkillers,Injection,500mg,61.84,2027-09-18,278,Eva Pharma,1,0,Mefenamic Acid,Mefenamic Acid
1975,Folic_Acid 5mg,Folic Acid,Women Health,Tablet,100mg,219.53,2027-07-21,1,Pharco,1,0,Folic Acid,Folicap
1976,Repaglinide,Repaglinide,Antidiabetics,Injection,100IU/ml,457.86,2027-07-07,159,Amriya Pharma,1,0,Repaglinide,Repaglinide
1977,Domperidone Suspension,Domperidone,Kids Medications,Syrup,10mg/ml,81.1,2027-09-25,189,Pfizer Egypt,1,1,Domperidone,Domperidone Suspension
1978,Fluconazole Vaginal,Fluconazole,Women Health,Patch,100mg,184.67,2025-09-12,473,AstraZeneca Egypt,1,0,Fluconazole,Fluconazole Vaginal
1979,Tramadol 100mg,Tramadol HCl,Painkillers,Tablet,10mg,110.89,2025-05-21,14,AstraZeneca Egypt,1,0,Tramadol HCl,Tramadol 100mg
1980,Tibolone,Tibolone,Women Health,Tablet,1.5mg,135.93,2025-02-24,221,Amriya Pharma,1,0,Tibolone,Tibolone
1981,Vitamin_B12,Cyanocobalamin,Vitamins & Supplements,Effervescent Tablet,25mcg,55.18,2025-08-22,317,AstraZeneca Egypt,1,0,Cyanocobalamin,Vitamin B12
1982,Dexamethasone Eye Drops,Dexamethasone,Drops,Eye Drops,5ml,242.62,2025-12-24,390,CID Pharma,1,0,Dexamethasone,Dexamethasone Eye Drops
1983,Psyllium,Ispaghula Husk,Gastrointestinal,Capsule,5mg,193.62,2025-02-08,456,AstraZeneca Egypt,1,0,Ispaghula Husk,Psyllium
1984,Prenatal Vitamins,Multivitamin Prenatal,Women Health,Vaginal Tablet,500mcg,120.75,2025-08-22,277,Pharco,1,0,Multivitamin Prenatal,Prenatal Vitamins
1985,Miconazole Cream,Miconazole,Dermatology,Cream,2.50%,178.65,2026-07-13,21,Bayer Egypt,1,0,Miconazole,Miconazole Cream
1986,Cyproheptadine,Cyproheptadine,Antihistamines,Capsule,5mg/5ml,76.5,2025-09-13,121,Al Debeiky,1,0,Cyproheptadine,Cyproheptadine
1987,Folic Acid 5mg,Folic Acid,Women Health,Injection,1.5mg,151.29,2025-12-27,420,October Pharma,1,0,Folic Acid,Folicap
1988,Progesterone Only Pill,Levonorgestrel,Women Health,Capsule,1.5mg,345.37,2025-10-19,229,Novartis Egypt,1,0,Levonorgestrel,Progesterone Only Pill
1989,Collagen,Hydrolyzed Collagen,Vitamins & Supplements,Effervescent Tablet,100mg,176.14,2025-08-27,361,Pharco,1,0,Hydrolyzed Collagen,Collagen
1990,Gentamicin,Gentamicin,Antibiotics,Suspension,125mg/5ml,68.82,2026-06-16,494,Pharco,1,0,Gentamicin,Garamycin
1991,Insulin Detemir,Insulin Detemir,Antidiabetics,Injection,500mg,298.96,2027-08-29,88,Mina Pharm,1,0,Insulin Detemir,Levemir
1992,Misoprostol,Misoprostol,Women Health,Pessary,100mg,179.72,2026-05-23,127,Pharco,1,0,Misoprostol,Misoprostol
1993,Famotidine,Famotidine,Gastrointestinal,Tablet,20mg,157.18,2025-04-13,451,Sanofi Egypt,1,0,Famotidine,Famotidine
1994,Tramadol 50mg,Tramadol HCl,Painkillers,Capsule,400mg,83.23,2025-04-09,199,Amriya Pharma,1,0,Tramadol HCl,Tramadol 50mg
1995,Saline Nasal Spray,Sodium Chloride,Cough & Cold,Nasal Spray,30mg,143.96,2026-03-03,79,EIPICO,1,0,Sodium Chloride,Saline Nasal Spray
1996,Ipratropium Inhaler,Ipratropium,Cough & Cold,Inhaler,100mg,48.28,2025-09-05,334,Pharco,1,0,Ipratropium,Ipratropium Inhaler
1997,Vitamin B12,Cyanocobalamin,Vitamins & Supplements,Capsule,50000IU,50.24,2026-10-01,405,Memphis Pharma,1,0,Cyanocobalamin,Vitamin B12
1998,Olopatadine Eye Drops,Olopatadine,Drops,Eye Drops,0.10%,250.4,2027-05-19,247,Global Napi,1,0,Olopatadine,Olopatadine Eye Drops
1999,Ibuprofen 400mg,Ibuprofen,Painkillers,Extended-Release Tablet,500mg,72.37,2027-09-03,12,EIPICO,1,1,Ibuprofen,Brufen
2000,Etoricoxib,Etoricoxib,Painkillers,Tablet,200mg,222.43,2027-04-04,454,AstraZeneca Egypt,1,0,Etoricoxib,Etoricoxib
2001,Epilim,Valproic Acid,Neurology,Tablet,500mg,145,2028-05-15,120,Sanofi,1,1,Valproic Acid,Epilim
2002,Tegretol,Carbamazepine,Neurology,Tablet,200mg,98,2028-01-10,85,Novartis,1,0,Carbamazepine,Tegretol
2003,Neurontin,Gabapentin,Neurology,Capsule,300mg,180,2027-11-20,60,Pfizer,1,1,Gabapentin,Neurontin
2004,Lyrica,Pregabalin,Neurology,Capsule,150mg,220,2028-03-18,90,Pfizer,1,1,Pregabalin,Lyrica
2005,Keppra,Levetiracetam,Neurology,Tablet,500mg,250,2028-07-30,75,UCB,1,1,Levetiracetam,Keppra
2006,Sinemeta,Levodopa/Carbidopa,Neurology,Tablet,250mg,165,2027-12-12,50,Merck,1,0,Levodopa/Carbidopa,Sinemet
2007,Aricept,Donepezil,Neurology,Tablet,10mg,275,2028-02-25,40,Eisai,1,0,Donepezil,Aricept
2008,Topamax,Topiramate,Neurology,Tablet,100mg,190,2027-10-08,65,Janssen,1,0,Topiramate,Topamax
2009,Lamictal,Lamotrigine,Neurology,Tablet,100mg,210,2028-06-01,55,GSK,1,1,Lamotrigine,Lamictal
2010,Baclofen,Baclofen,Neurology,Tablet,10mg,85,2027-09-15,110,Novartis,1,0,Baclofen,Baclofen
2011,Ventolin,Salbutamol,Respiratory,Inhaler,100mcg,95,2028-04-20,140,GSK,1,1,Salbutamol,Ventolin
2012,Seretide,Fluticasone/Salmeterol,Respiratory,Inhaler,250/50mcg,320,2028-01-18,70,GSK,1,1,Fluticasone/Salmeterol,Seretide
2013,Symbicort,Budesonide/Formoterol,Respiratory,Inhaler,160/4.5mcg,290,2028-06-22,80,AstraZeneca,1,1,Budesonide/Formoterol,Symbicort
2014,Singulair,Montelukast,Respiratory,Tablet,10mg,180,2028-02-14,100,Merck,1,1,Montelukast,Singulair
2015,Pulmicort,Budesonide,Respiratory,Nebulizer Suspension,0.5mg/2ml,135,2027-12-30,90,AstraZeneca,1,1,Budesonide,Pulmicort
2016,Atrovent,Ipratropium Bromide,Respiratory,Inhaler,20mcg,125,2028-03-11,65,Boehringer Ingelheim,1,0,Ipratropium Bromide,Atrovent
2017,Spiriva,Tiotropium,Respiratory,Inhaler,18mcg,350,2028-08-05,45,Boehringer Ingelheim,1,1,Tiotropium,Spiriva
2018,Mucosolvan,Ambroxol,Respiratory,Syrup,30mg/5ml,75,2027-11-28,130,Sanofi,1,0,Ambroxol,Mucosolvan
2019,Bisolvon,Bromhexine,Respiratory,Syrup,4mg/5ml,60,2028-05-09,120,Sanofi,1,0,Bromhexine,Bisolvon
2020,Flixonase,Fluticasone Propionate,Respiratory,Nasal Spray,50mcg,145,2028-07-12,85,GSK,1,1,Fluticasone Propionate,Flixonase
2021,Nifedipine 0.25mg,Nifedipine,Cardiovascular,Extended-Release Tablet,0.25mg,268.45,1/1/2028,419,GSK Egypt,1,0,Nifedipine,Nifedipine
2022,Amoxicillin 100mg,Amoxicillin,Antibiotics,Suspension,100mg,124.08,5/29/2030,306,Misr International,1,1,Amoxicillin,Amoxicillin
2023,Simvastatin,Simvastatin,Cardiovascular,Capsule,40mg,106.55,5/21/2028,426,Sigma Pharma,1,0,Simvastatin,Simvastatin
2024,Misoprostol 2mg,Misoprostol,Women Health,Vaginal Tablet,2mg,422.45,7/3/2029,320,AstraZeneca Egypt,1,0,Misoprostol,Misoprostol
2025,Telmisartan,Telmisartan,Cardiovascular,Extended-Release Tablet,0.25mg,593.52,4/9/2030,456,Memphis Pharma,1,0,Telmisartan,Telmisartan
2026,Desloratadine Nasal Spray,Desloratadine,Antihistamines,Nasal Spray,1mg,197.73,1/2/2029,225,GSK Egypt,1,0,Desloratadine,Desloratadine
2027,Echinacea,Echinacea Purpurea,Vitamins & Supplements,Sachet,400IU,50.47,8/26/2027,79,Amriya Pharma,1,0,Echinacea Purpurea,Echinacea
2028,Metronidazole Suspension,Metronidazole,Kids Medications,Syrup,60mg/5ml,113.47,5/25/2027,454,Eva Pharma,1,0,Metronidazole,Metronidazole Suspension
2029,Metoprolol,Metoprolol,Cardiovascular,Sublingual Tablet,25mg,541.05,11/20/2027,237,Delta Pharma,1,1,Metoprolol,Metoprolol
2030,Selenium,Selenium,Vitamins & Supplements,Sachet,1000mcg,169.47,7/2/2030,299,EIPICO,1,0,Selenium,Selenium
2031,Acyclovir,Acyclovir,Antibiotics,Powder for Injection,100mg,257.33,6/17/2029,493,Novartis Egypt,1,1,Acyclovir,Acyclovir
2032,Olmesartan,Olmesartan,Cardiovascular,Extended-Release Tablet,160mg,201.75,5/31/2027,419,GSK Egypt,1,0,Olmesartan,Olmesartan
2033,Diclofenac 100mg,Diclofenac Sodium,Painkillers,Gel,10mg,324.75,2/27/2028,41,CID Pharma,1,0,Diclofenac Sodium,Voltaren
2034,Rupatadine,Rupatadine,Antihistamines,Nasal Spray,5mg/5ml,30.73,3/30/2028,546,Delta Pharma,1,0,Rupatadine,Rupatadine
2035,Tobramycin,Tobramycin,Antibiotics,Tablet,250mg,242.7,3/16/2027,27,Memphis Pharma,1,0,Tobramycin,Tobramycin
2036,Promethazine 1mg,Promethazine,Antihistamines,Film-Coated Tablet,1mg,96.22,6/25/2027,162,Arab Drug Company,1,0,Promethazine,Promethazine
2037,Insulin Aspart,Insulin Aspart,Antidiabetics,Injection,0.5mg,480.79,7/22/2029,499,Sigma Pharma,1,0,Insulin Aspart,Insulin Aspart
2038,Xylometazoline,Xylometazoline,Cough & Cold,Inhaler,600mg,178.75,9/5/2029,70,Bayer Egypt,1,0,Xylometazoline,Xylometazoline
2039,Terbinafine Cream 0.03%,Terbinafine,Dermatology,Cream,0.03%,249.94,7/27/2030,195,Mina Pharm,1,0,Terbinafine,Terbinafine Cream
2040,Dexamethasone Eye Drops 0.3%,Dexamethasone,Drops,Eye Drops,0.30%,71.61,1/19/2027,496,Bayer Egypt,1,0,Dexamethasone,Dexamethasone Eye Drops
2041,Granisetron,Granisetron,Gastrointestinal,Capsule,5mg,75.58,11/13/2027,122,Memphis Pharma,1,0,Granisetron,Granisetron
2042,Enoxaparin,Enoxaparin Sodium,General,Capsule,100mg,132.88,1/17/2029,327,Eva Pharma,1,0,Enoxaparin Sodium,Enoxaparin